OBJECTID,INDEX,ACCNUM,DATE,TIME,STREET1,STREET2,OFFSET,ROAD_CLASS,DISTRICT,LATITUDE,LONGITUDE,ACCLOC,TRAFFCTL,VISIBILITY,LIGHT,RDSFCOND,ACCLASS,IMPACTYPE,INVTYPE,INVAGE,INJURY,FATAL_NO,INITDIR,VEHTYPE,MANOEUVER,DRIVACT,DRIVCOND,PEDTYPE,PEDACT,PEDCOND,CYCLISTYPE,CYCACT,CYCCOND,PEDESTRIAN,CYCLIST,AUTOMOBILE,MOTORCYCLE,TRUCK,TRSN_CITY_VEH,EMERG_VEH,PASSENGER,SPEEDING,AG_DRIV,REDLIGHT,ALCOHOL,DISABILITY,HOOD_158,NEIGHBOURHOOD_158,HOOD_140,NEIGHBOURHOOD_140,DIVISION,x,y
243,5292408,1127732,8/29/2009 4:00:00 AM,1800,SHEPPARD AVE E,MEADOWVALE RD,,Major Arterial,Scarborough,43.808345,-79.17079,At Intersection,Traffic Signal,Clear,Daylight,Dry,Non-Fatal Injury,Turning Movement,Driver,25 to 29,Minimal,,South,"Automobile, Station Wagon",Going Ahead,Driving Properly,Normal,,,,,,,,,Yes,Yes,,,,,,Yes,Yes,,,143,West Rouge,131,Rouge (131),D42,647127.901898769,4852211.63223331
244,5293908,1128346,9/8/2009 4:00:00 AM,1501,QUEEN ST E,MUNRO PARK AVE,,Minor Arterial,Toronto and East York,43.673445,-79.283489,At Intersection,No Control,Clear,Daylight,Dry,Non-Fatal Injury,Turning Movement,Motorcycle Driver,45 to 49,Major,,West,Motorcycle,Going Ahead,Driving Properly,Normal,,,,,,,,,Yes,Yes,,,,,,,,,,63,The Beaches,63,The Beaches (63),D55,638373.574884546,4837034.7379469
245,5293909,1128346,9/8/2009 4:00:00 AM,1501,QUEEN ST E,MUNRO PARK AVE,,Minor Arterial,Toronto and East York,43.673445,-79.283489,At Intersection,No Control,Clear,Daylight,Dry,Non-Fatal Injury,Turning Movement,Driver,30 to 34,None,,East,"Automobile, Station Wagon",Making U Turn,Improper Turn,Had Been Drinking,,,,,,,,,Yes,Yes,,,,,,,,,,63,The Beaches,63,The Beaches (63),D55,638373.574884546,4837034.7379469
246,5296064,1129305,9/8/2009 4:00:00 AM,1941,KING ST W,BATHURST ST,,Major Arterial,Toronto and East York,43.644045,-79.40199,,No Control,Clear,Dark,Dry,Non-Fatal Injury,Sideswipe,Passenger,20 to 24,Minor,,,Other,,,,,,,,,,,,Yes,Yes,,,,Yes,,Yes,,,,164,Wellington Place,77,Waterfront Communities-The Island (77),D14,628883.606354932,4833578.61894107
247,5296065,1129305,9/8/2009 4:00:00 AM,1941,KING ST W,BATHURST ST,,Major Arterial,Toronto and East York,43.644045,-79.40199,,No Control,Clear,Dark,Dry,Non-Fatal Injury,Sideswipe,Motorcycle Driver,30 to 34,Major,,East,Motorcycle,Going Ahead,Improper Passing,Normal,,,,,,,,,Yes,Yes,,,,Yes,,Yes,,,,164,Wellington Place,77,Waterfront Communities-The Island (77),D14,628883.606354932,4833578.61894107
248,5296066,1129305,9/8/2009 4:00:00 AM,1941,KING ST W,BATHURST ST,,Major Arterial,Toronto and East York,43.644045,-79.40199,,No Control,Clear,Dark,Dry,Non-Fatal Injury,Sideswipe,Driver,40 to 44,None,,East,"Automobile, Station Wagon",Turning Right,Failed to Yield Right of Way,Normal,,,,,,,,,Yes,Yes,,,,Yes,,Yes,,,,164,Wellington Place,77,Waterfront Communities-The Island (77),D14,628883.606354932,4833578.61894107
249,5295843,1129211,9/9/2009 4:00:00 AM,1400,GERRARD ST E,BERKELEY ST,,Minor Arterial,Toronto and East York,43.662045,-79.36849,,No Control,Clear,Daylight,Dry,Non-Fatal Injury,Turning Movement,Motorcycle Driver,25 to 29,Major,,West,Motorcycle,Going Ahead,Driving Properly,Normal,,,,,,,,,Yes,Yes,,,,,,,,,,73,Moss Park,73,Moss Park (73),D51,631546.190344994,4835630.32530233
250,5295844,1129211,9/9/2009 4:00:00 AM,1400,GERRARD ST E,BERKELEY ST,,Minor Arterial,Toronto and East York,43.662045,-79.36849,,No Control,Clear,Daylight,Dry,Non-Fatal Injury,Turning Movement,Vehicle Owner,unknown,,,,Other,,,,,,,,,,,,Yes,Yes,,,,,,,,,,73,Moss Park,73,Moss Park (73),D51,631546.190344994,4835630.32530233
251,5295845,1129211,9/9/2009 4:00:00 AM,1400,GERRARD ST E,BERKELEY ST,,Minor Arterial,Toronto and East York,43.662045,-79.36849,,No Control,Clear,Daylight,Dry,Non-Fatal Injury,Turning Movement,Driver,20 to 24,None,,West,"Automobile, Station Wagon",Making U Turn,Improper Turn,Inattentive,,,,,,,,,Yes,Yes,,,,,,,,,,73,Moss Park,73,Moss Park (73),D51,631546.190344994,4835630.32530233
252,5860573,1129523,9/14/2009 4:00:00 AM,1413,150 GRAYDON HALL DR,,,Collector,North York,43.764945,-79.34349,,No Control,Clear,Daylight,Dry,Non-Fatal Injury,Turning Movement,Motorcycle Driver,30 to 34,Major,,West,Motorcycle,Going Ahead,Exceeding Speed Limit,Had Been Drinking,,,,,,,,,Yes,Yes,,,,,Yes,Yes,,,,150,Fenside-Parkwoods,45,Parkwoods-Donalda (45),D33,633333.52617709,4847098.78928746
253,5860574,1129523,9/14/2009 4:00:00 AM,1413,150 GRAYDON HALL DR,,,Collector,North York,43.764945,-79.34349,,No Control,Clear,Daylight,Dry,Non-Fatal Injury,Turning Movement,Driver,20 to 24,None,,East,"Automobile, Station Wagon",Turning Left,Driving Properly,Normal,,,,,,,,,Yes,Yes,,,,,Yes,Yes,,,,150,Fenside-Parkwoods,45,Parkwoods-Donalda (45),D33,633333.52617709,4847098.78928746
254,5297991,1130210,9/16/2009 4:00:00 AM,950,BAY ST,ST JOSEPH ST,,Major Arterial,Toronto and East York,43.665645,-79.38769,At Intersection,Traffic Signal,Clear,Daylight,Dry,Non-Fatal Injury,Rear End,Motorcycle Driver,25 to 29,Major,,South,Motorcycle,Slowing or Stopping,Following too Close,Inattentive,,,,,,,,,Yes,Yes,,,,,Yes,Yes,,,,169,Bay-Cloverhill,76,Bay Street Corridor (76),D52,629990.336832311,4835999.88995074
255,5297992,1130210,9/16/2009 4:00:00 AM,950,BAY ST,ST JOSEPH ST,,Major Arterial,Toronto and East York,43.665645,-79.38769,At Intersection,Traffic Signal,Clear,Daylight,Dry,Non-Fatal Injury,Rear End,Driver,50 to 54,None,,South,"Automobile, Station Wagon",Stopped,Driving Properly,Normal,,,,,,,,,Yes,Yes,,,,,Yes,Yes,,,,169,Bay-Cloverhill,76,Bay Street Corridor (76),D52,629990.336832311,4835999.88995074
256,5298259,1130310,9/16/2009 4:00:00 AM,2320,QUEENS PARK CRES E,GROSVENOR ST,,Major Arterial,Toronto and East York,43.661745,-79.38989,,No Control,Clear,Dark,Dry,Non-Fatal Injury,SMV Other,Motorcycle Driver,20 to 24,Major,,North,Motorcycle,Going Ahead,Lost control,Inattentive,,,,,,,,,,Yes,,,,,Yes,Yes,,,,169,Bay-Cloverhill,76,Bay Street Corridor (76),D52,629821.36911592,4835563.29814218
257,5303380,1133302,9/24/2009 4:00:00 AM,2115,MARTIN GROVE Road,EGLINTON Aven W,,Major Arterial,Etobicoke York,43.674445,-79.56319,At Intersection,Traffic Signal,Clear,Dark,Dry,Non-Fatal Injury,Turning Movement,Driver,25 to 29,None,,North,"Automobile, Station Wagon",Going Ahead,Driving Properly,Normal,,,,,,,,,Yes,Yes,,,,Yes,,,,,,11,Eringate-Centennial-West Deane,11,Eringate-Centennial-West Deane (11),D22,615823.838099187,4836717.22886627
258,5303381,1133302,9/24/2009 4:00:00 AM,2115,MARTIN GROVE Road,EGLINTON Aven W,,Major Arterial,Etobicoke York,43.674445,-79.56319,At Intersection,Traffic Signal,Clear,Dark,Dry,Non-Fatal Injury,Turning Movement,Passenger,25 to 29,Major,,,Other,,,,,,,,,,,,Yes,Yes,,,,Yes,,,,,,11,Eringate-Centennial-West Deane,11,Eringate-Centennial-West Deane (11),D22,615823.838099187,4836717.22886627
259,5303382,1133302,9/24/2009 4:00:00 AM,2115,MARTIN GROVE Road,EGLINTON Aven W,,Major Arterial,Etobicoke York,43.674445,-79.56319,At Intersection,Traffic Signal,Clear,Dark,Dry,Non-Fatal Injury,Turning Movement,Motorcycle Driver,30 to 34,Major,,South,Motorcycle,Turning Left,Improper Turn,Inattentive,,,,,,,,,Yes,Yes,,,,Yes,,,,,,11,Eringate-Centennial-West Deane,11,Eringate-Centennial-West Deane (11),D22,615823.838099187,4836717.22886627
260,5290548,1126950,9/25/2009 4:00:00 AM,1340,80 AUTO MALL DR,,,Local,Scarborough,43.802344,-79.191989,,No Control,Clear,Daylight,Dry,Non-Fatal Injury,Sideswipe,Driver,50 to 54,None,,North,Passenger Van,Turning Left,Driving Properly,Normal,,,,,,,,,Yes,Yes,,,,,,Yes,,,,144,Morningside Heights,131,Rouge (131),D42,645437.356210137,4851507.64485568
261,5290549,1126950,9/25/2009 4:00:00 AM,1340,80 AUTO MALL DR,,,Local,Scarborough,43.802344,-79.191989,,No Control,Clear,Daylight,Dry,Non-Fatal Injury,Sideswipe,Motorcycle Driver,30 to 34,Major,,North,Motorcycle,Overtaking,Improper Passing,Inattentive,,,,,,,,,Yes,Yes,,,,,,Yes,,,,144,Morningside Heights,131,Rouge (131),D42,645437.356210137,4851507.64485568
262,5056081,1140679,11/9/2009 5:00:00 AM,609,DANFORTH AVE,DRAYTON AVE,,Major Arterial,Toronto and East York,43.684045,-79.32019,At Intersection,No Control,Clear,Dark,Dry,Non-Fatal Injury,Pedestrian Collisions,Motorcycle Driver,60 to 64,None,,West,Motorcycle,Going Ahead,Driving Properly,Normal,,,,,,,Yes,,,Yes,,,,,,,,,,64,Woodbine Corridor,64,Woodbine Corridor (64),D55,635391.108656721,4838151.44286497
263,5056082,1140679,11/9/2009 5:00:00 AM,609,DANFORTH AVE,DRAYTON AVE,,Major Arterial,Toronto and East York,43.684045,-79.32019,At Intersection,No Control,Clear,Dark,Dry,Non-Fatal Injury,Pedestrian Collisions,Pedestrian,40 to 44,Major,,North,Other,,,,Vehicle is going straight thru inter.while ped cross without ROW,"Crossing, no Traffic Control",Inattentive,,,,Yes,,,Yes,,,,,,,,,,64,Woodbine Corridor,64,Woodbine Corridor (64),D55,635391.108656721,4838151.44286497
264,5860982,1141420,11/13/2009 5:00:00 AM,1558,DEWSON ST,DOVERCOURT RD,,Minor Arterial,Toronto and East York,43.656145,-79.42739,At Intersection,Traffic Signal,Clear,Daylight,Dry,Non-Fatal Injury,Turning Movement,Motorcycle Driver,45 to 49,Major,,West,Motorcycle,Stopped,Driving Properly,Normal,,,,,,,,,Yes,Yes,,,,,,,,,,80,Palmerston-Little Italy,80,Palmerston-Little Italy (80),D14,626809.5440616,4834883.35033784
265,5860983,1141420,11/13/2009 5:00:00 AM,1558,DEWSON ST,DOVERCOURT RD,,Minor Arterial,Toronto and East York,43.656145,-79.42739,At Intersection,Traffic Signal,Clear,Daylight,Dry,Non-Fatal Injury,Turning Movement,Driver,75 to 79,None,,North,"Automobile, Station Wagon",Turning Right,Improper Turn,Inattentive,,,,,,,,,Yes,Yes,,,,,,,,,,80,Palmerston-Little Italy,80,Palmerston-Little Italy (80),D14,626809.5440616,4834883.35033784
266,5048253,1137133,11/16/2009 5:00:00 AM,1127,F G GARDINER XY  W,CHERRY ST,,Major Arterial,Toronto and East York,43.649045,-79.35249,,No Control,Clear,Daylight,Dry,Non-Fatal Injury,Rear End,Motorcycle Driver,40 to 44,Major,,West,Motorcycle,Going Ahead,Speed too Fast For Condition,Normal,,,,,,,,,Yes,Yes,,,,,Yes,Yes,,,,166,St Lawrence-East Bayfront-The Islands,77,Waterfront Communities-The Island (77),D51,632864.927868412,4834211.99589292
267,5048254,1137133,11/16/2009 5:00:00 AM,1127,F G GARDINER XY  W,CHERRY ST,,Major Arterial,Toronto and East York,43.649045,-79.35249,,No Control,Clear,Daylight,Dry,Non-Fatal Injury,Rear End,Driver,40 to 44,None,,West,"Automobile, Station Wagon",Changing Lanes,Driving Properly,Normal,,,,,,,,,Yes,Yes,,,,,Yes,Yes,,,,166,St Lawrence-East Bayfront-The Islands,77,Waterfront Communities-The Island (77),D51,632864.927868412,4834211.99589292
268,5053643,1139528,11/28/2009 5:00:00 AM,1810,F G GARDINER Expr E,REES Stre,,Major Arterial,Toronto and East York,43.639545,-79.38649,,No Control,Clear,Dark,Dry,Non-Fatal Injury,SMV Other,Motorcycle Driver,25 to 29,Major,,East,Motorcycle,Going Ahead,Speed too Fast For Condition,Normal,,,,,,,,,,Yes,,,,,Yes,Yes,,,,165,Harbourfront-CityPlace,77,Waterfront Communities-The Island (77),D52,630143.450284565,4833103.0229023
269,6107080,1152926,2/13/2010 5:00:00 AM,144,BLOOR ST W,LAUREL AVE,,Major Arterial,Etobicoke York,43.638145,-79.55149,,Stop Sign,Clear,Dark,Dry,Non-Fatal Injury,Angle,Vehicle Owner,unknown,,,,Other,,,,,,,,,,,,Yes,Yes,,,,,,Yes,,,,158,Islington,14,Islington-City Centre West (14),D22,616837.379128778,4832702.05234717
270,6107081,1152926,2/13/2010 5:00:00 AM,144,BLOOR ST W,LAUREL AVE,,Major Arterial,Etobicoke York,43.638145,-79.55149,,Stop Sign,Clear,Dark,Dry,Non-Fatal Injury,Angle,Driver,40 to 44,None,,West,Taxi,Going Ahead,Driving Properly,Normal,,,,,,,,,Yes,Yes,,,,,,Yes,,,,158,Islington,14,Islington-City Centre West (14),D22,616837.379128778,4832702.05234717
271,6107082,1152926,2/13/2010 5:00:00 AM,144,BLOOR ST W,LAUREL AVE,,Major Arterial,Etobicoke York,43.638145,-79.55149,,Stop Sign,Clear,Dark,Dry,Non-Fatal Injury,Angle,Motorcycle Driver,15 to 19,Major,,South,Motorcycle,Going Ahead,Disobeyed Traffic Control,Had Been Drinking,,,,,,,,,Yes,Yes,,,,,,Yes,,,,158,Islington,14,Islington-City Centre West (14),D22,616837.379128778,4832702.05234717
272,6278854,1155869,3/4/2010 5:00:00 AM,1308,SHEPPARD Ave E,BROWNSPRING Rd,,Major Arterial,Scarborough,43.788845,-79.26249,At Intersection,No Control,Clear,Daylight,Dry,Non-Fatal Injury,Turning Movement,Motorcycle Driver,20 to 24,Major,,East,Motorcycle,Going Ahead,Driving Properly,Normal,,,,,,,,,Yes,Yes,,,,,,Yes,,,,128,Agincourt South-Malvern West,128,Agincourt South-Malvern West (128),D42,639797.629777231,4849886.87037189
273,6278855,1155869,3/4/2010 5:00:00 AM,1308,SHEPPARD Ave E,BROWNSPRING Rd,,Major Arterial,Scarborough,43.788845,-79.26249,At Intersection,No Control,Clear,Daylight,Dry,Non-Fatal Injury,Turning Movement,Vehicle Owner,unknown,None,,,Other,Unknown,,,,,,,,,,,Yes,Yes,,,,,,Yes,,,,128,Agincourt South-Malvern West,128,Agincourt South-Malvern West (128),D42,639797.629777231,4849886.87037189
274,6278856,1155869,3/4/2010 5:00:00 AM,1308,SHEPPARD Ave E,BROWNSPRING Rd,,Major Arterial,Scarborough,43.788845,-79.26249,At Intersection,No Control,Clear,Daylight,Dry,Non-Fatal Injury,Turning Movement,Driver,50 to 54,None,,West,"Automobile, Station Wagon",Turning Left,Improper Turn,Normal,,,,,,,,,Yes,Yes,,,,,,Yes,,,,128,Agincourt South-Malvern West,128,Agincourt South-Malvern West (128),D42,639797.629777231,4849886.87037189
275,6120124,1158873,3/24/2010 4:00:00 AM,0,SHEPPARD Aven E,TWYN RIVERS Driv,,Minor Arterial,Scarborough,43.809045,-79.16769,,No Control,Clear,Dark,Wet,Non-Fatal Injury,SMV Other,Vehicle Owner,unknown,,,,Other,,,,,,,,,,,,,Yes,,,,,,,,,,143,West Rouge,131,Rouge (131),D42,647375.523992449,4852294.89596372
276,6120125,1158873,3/24/2010 4:00:00 AM,0,SHEPPARD Aven E,TWYN RIVERS Driv,,Minor Arterial,Scarborough,43.809045,-79.16769,,No Control,Clear,Dark,Wet,Non-Fatal Injury,SMV Other,Motorcycle Driver,55 to 59,Major,,West,Motorcycle,Going Ahead,Lost control,Had Been Drinking,,,,,,,,,,Yes,,,,,,,,,,143,West Rouge,131,Rouge (131),D42,647375.523992449,4852294.89596372
277,6120126,1158873,3/24/2010 4:00:00 AM,0,SHEPPARD Aven E,TWYN RIVERS Driv,,Minor Arterial,Scarborough,43.809045,-79.16769,,No Control,Clear,Dark,Wet,Non-Fatal Injury,SMV Other,Other Property Owner,unknown,,,,Other,,,,,,,,,,,,,Yes,,,,,,,,,,143,West Rouge,131,Rouge (131),D42,647375.523992449,4852294.89596372
278,6145410,1169892,4/21/2010 4:00:00 AM,1013,MOUNT PLEASANT Road,ELM Aven,,Major Arterial,Toronto and East York,43.674545,-79.38019,At Intersection,Traffic Signal,Clear,Daylight,Dry,Non-Fatal Injury,Rear End,Motorcycle Driver,20 to 24,Major,,South,Motorcycle,Changing Lanes,Lost control,Inattentive,,,,,,,,,Yes,Yes,,,,,,,,,,98,Rosedale-Moore Park,98,Rosedale-Moore Park (98),D53,630575.719390437,4837000.13390444
279,6145411,1169892,4/21/2010 4:00:00 AM,1013,MOUNT PLEASANT Road,ELM Aven,,Major Arterial,Toronto and East York,43.674545,-79.38019,At Intersection,Traffic Signal,Clear,Daylight,Dry,Non-Fatal Injury,Rear End,Driver,55 to 59,None,,South,"Automobile, Station Wagon",Stopped,Driving Properly,Normal,,,,,,,,,Yes,Yes,,,,,,,,,,98,Rosedale-Moore Park,98,Rosedale-Moore Park (98),D53,630575.719390437,4837000.13390444
280,6135362,1165411,4/28/2010 4:00:00 AM,630,F G GARDINER XY Expr E,DOWLING AVE,,Major Arterial,Toronto and East York,43.634145,-79.43759,,No Control,Clear,Daylight,Spilled liquid,Non-Fatal Injury,Other,Motorcycle Driver,50 to 54,Major,,East,Motorcycle,Going Ahead,Driving Properly,Normal,,,,,,,,,,Yes,,,,,,,,,,85,South Parkdale,85,South Parkdale (85),D14,626033.043379406,4832424.42936805
281,6141568,1168069,4/29/2010 4:00:00 AM,1720,ROGERS RD,KANE AVE,,Minor Arterial,Etobicoke York,43.682045,-79.46649,,No Control,Clear,Daylight,Dry,Non-Fatal Injury,Sideswipe,Motorcycle Driver,30 to 34,Major,,West,Motorcycle,Overtaking,Improper Passing,Inattentive,,,,,,,,,Yes,Yes,,,,,,Yes,,,,110,Keelesdale-Eglinton West,110,Keelesdale-Eglinton West (110),D12,623603.459287468,4837700.87620022
282,6141569,1168069,4/29/2010 4:00:00 AM,1720,ROGERS RD,KANE AVE,,Minor Arterial,Etobicoke York,43.682045,-79.46649,,No Control,Clear,Daylight,Dry,Non-Fatal Injury,Sideswipe,Driver,40 to 44,None,,West,"Automobile, Station Wagon",Slowing or Stopping,Driving Properly,Normal,,,,,,,,,Yes,Yes,,,,,,Yes,,,,110,Keelesdale-Eglinton West,110,Keelesdale-Eglinton West (110),D12,623603.459287468,4837700.87620022
283,6144308,1169356,5/20/2010 4:00:00 AM,2105,TWYN RIVERS DR,SHEPPARD AVE E,,Collector,Scarborough,43.810045,-79.16279,,No Control,Clear,Dark,Dry,Non-Fatal Injury,SMV Other,Motorcycle Driver,20 to 24,Major,,East,Motorcycle,Going Ahead,Lost control,Inattentive,,,,,,,,,,Yes,,,,,,,,,,144,Morningside Heights,131,Rouge (131),D42,647767.177298942,4852414.70227353
284,6144309,1169356,5/20/2010 4:00:00 AM,2105,TWYN RIVERS DR,SHEPPARD AVE E,,Collector,Scarborough,43.810045,-79.16279,,No Control,Clear,Dark,Dry,Non-Fatal Injury,SMV Other,Other Property Owner,unknown,,,,Other,,,,,,,,,,,,,Yes,,,,,,,,,,144,Morningside Heights,131,Rouge (131),D42,647767.177298942,4852414.70227353
285,6145164,1169790,5/25/2010 4:00:00 AM,1028,ORTON PARK RD,AMBOY RD,,Minor Arterial,Scarborough,43.767545,-79.20709,,No Control,Clear,Daylight,Dry,Fatal,Approaching,Motorcycle Driver,50 to 54,Fatal,19,North,Motorcycle,Going Ahead,Driving Properly,Unknown,,,,,,,,,Yes,Yes,,,,,,,,,,135,Morningside,135,Morningside (135),D43,644306.323965826,4847616.22960527
286,6145165,1169790,5/25/2010 4:00:00 AM,1028,ORTON PARK RD,AMBOY RD,,Minor Arterial,Scarborough,43.767545,-79.20709,,No Control,Clear,Daylight,Dry,Fatal,Approaching,Driver,40 to 44,None,,South,"Automobile, Station Wagon",Going Ahead,Lost control,Inattentive,,,,,,,,,Yes,Yes,,,,,,,,,,135,Morningside,135,Morningside (135),D43,644306.323965826,4847616.22960527
287,6170617,1180994,6/10/2010 4:00:00 AM,1659,QUEEN ST W,CAMERON ST,,Major Arterial,Toronto and East York,43.648445,-79.39759,,No Control,Clear,Daylight,Dry,Non-Fatal Injury,Turning Movement,Motorcycle Driver,25 to 29,Major,,West,Motorcycle,Going Ahead,Driving Properly,Normal,,,,,,,,,Yes,Yes,,,,,,,,,,164,Wellington Place,77,Waterfront Communities-The Island (77),D14,629229.045857693,4834074.13844438
288,6170618,1180994,6/10/2010 4:00:00 AM,1659,QUEEN ST W,CAMERON ST,,Major Arterial,Toronto and East York,43.648445,-79.39759,,No Control,Clear,Daylight,Dry,Non-Fatal Injury,Turning Movement,Driver,20 to 24,None,,West,"Automobile, Station Wagon",Making U Turn,Improper Turn,Normal,,,,,,,,,Yes,Yes,,,,,,,,,,164,Wellington Place,77,Waterfront Communities-The Island (77),D14,629229.045857693,4834074.13844438
289,6172204,1181618,6/17/2010 4:00:00 AM,1927,350 MIDWEST RD,,,Collector,Scarborough,43.761745,-79.27159,,No Control,Clear,Dark,Dry,Non-Fatal Injury,Turning Movement,Motorcycle Driver,35 to 39,Major,,South,Motorcycle,Going Ahead,Improper Passing,Inattentive,,,,,,,,,,Yes,Yes,,,,,Yes,,,,126,Dorset Park,126,Dorset Park (126),D41,639128.283887261,4846861.66229929
290,6172205,1181618,6/17/2010 4:00:00 AM,1927,350 MIDWEST RD,,,Collector,Scarborough,43.761745,-79.27159,,No Control,Clear,Dark,Dry,Non-Fatal Injury,Turning Movement,Vehicle Owner,unknown,,,,Other,,,,,,,,,,,,,Yes,Yes,,,,,Yes,,,,126,Dorset Park,126,Dorset Park (126),D41,639128.283887261,4846861.66229929
291,6172206,1181618,6/17/2010 4:00:00 AM,1927,350 MIDWEST RD,,,Collector,Scarborough,43.761745,-79.27159,,No Control,Clear,Dark,Dry,Non-Fatal Injury,Turning Movement,Vehicle Owner,unknown,,,,Other,,,,,,,,,,,,,Yes,Yes,,,,,Yes,,,,126,Dorset Park,126,Dorset Park (126),D41,639128.283887261,4846861.66229929
292,6172207,1181618,6/17/2010 4:00:00 AM,1927,350 MIDWEST RD,,,Collector,Scarborough,43.761745,-79.27159,,No Control,Clear,Dark,Dry,Non-Fatal Injury,Turning Movement,Truck Driver,25 to 29,None,,South,Truck - Open,Turning Right,Driving Properly,Normal,,,,,,,,,,Yes,Yes,,,,,Yes,,,,126,Dorset Park,126,Dorset Park (126),D41,639128.283887261,4846861.66229929
293,6172703,1181809,6/19/2010 4:00:00 AM,1932,WARDEN AVE,HYMUS RD,,Major Arterial,Scarborough,43.719545,-79.28419,At Intersection,Stop Sign,Clear,Daylight,Dry,Non-Fatal Injury,Turning Movement,Motorcycle Driver,30 to 34,Major,,South,Motorcycle,Going Ahead,Driving Properly,Normal,,,,,,,,,Yes,Yes,,,,,,Yes,,Yes,,120,Clairlea-Birchmount,120,Clairlea-Birchmount (120),D41,638211.107711886,4842153.62843523
294,6172704,1181809,6/19/2010 4:00:00 AM,1932,WARDEN AVE,HYMUS RD,,Major Arterial,Scarborough,43.719545,-79.28419,At Intersection,Stop Sign,Clear,Daylight,Dry,Non-Fatal Injury,Turning Movement,Driver,25 to 29,None,,East,"Automobile, Station Wagon",Turning Left,Failed to Yield Right of Way,"Ability Impaired, Alcohol",,,,,,,,,Yes,Yes,,,,,,Yes,,Yes,,120,Clairlea-Birchmount,120,Clairlea-Birchmount (120),D41,638211.107711886,4842153.62843523
295,6174432,1182499,6/28/2010 4:00:00 AM,2140,LANSDOWNE Ave,PATON Rd,,Minor Arterial,Toronto and East York,43.660645,-79.44359,At Intersection,Traffic Signal,Clear,Dark,Dry,Non-Fatal Injury,SMV Unattended Vehicle,Other,unknown,None,,,Other,Parked,,,,,,,,,,,,Yes,,,,,,,,,,171,Junction-Wallace Emerson,93,Dovercourt-Wallace Emerson-Junction (93),D11,625493.847642084,4835358.50397702
296,6174433,1182499,6/28/2010 4:00:00 AM,2140,LANSDOWNE Ave,PATON Rd,,Minor Arterial,Toronto and East York,43.660645,-79.44359,At Intersection,Traffic Signal,Clear,Dark,Dry,Non-Fatal Injury,SMV Unattended Vehicle,Motorcycle Driver,25 to 29,Major,,South,Motorcycle,Going Ahead,Lost control,Inattentive,,,,,,,,,,Yes,,,,,,,,,,171,Junction-Wallace Emerson,93,Dovercourt-Wallace Emerson-Junction (93),D11,625493.847642084,4835358.50397702
297,6184106,1186516,7/23/2010 4:00:00 AM,1737,DANFORTH AVE,GREENWOOD AVE,,Major Arterial,Toronto and East York,43.681245,-79.33319,,No Control,Clear,Daylight,Dry,Non-Fatal Injury,Turning Movement,Motorcycle Driver,25 to 29,Major,,West,Motorcycle,Going Ahead,Driving Properly,Normal,,,,,,,,,Yes,Yes,,,,,,,,,,69,Blake-Jones,69,Blake-Jones (69),D55,634349.559151717,4837819.32279013
298,6184107,1186516,7/23/2010 4:00:00 AM,1737,DANFORTH AVE,GREENWOOD AVE,,Major Arterial,Toronto and East York,43.681245,-79.33319,,No Control,Clear,Daylight,Dry,Non-Fatal Injury,Turning Movement,Other,unknown,None,,East,Other,Parked,,,,,,,,,,,Yes,Yes,,,,,,,,,,69,Blake-Jones,69,Blake-Jones (69),D55,634349.559151717,4837819.32279013
299,6184108,1186516,7/23/2010 4:00:00 AM,1737,DANFORTH AVE,GREENWOOD AVE,,Major Arterial,Toronto and East York,43.681245,-79.33319,,No Control,Clear,Daylight,Dry,Non-Fatal Injury,Turning Movement,Vehicle Owner,unknown,,,,Other,,,,,,,,,,,,Yes,Yes,,,,,,,,,,69,Blake-Jones,69,Blake-Jones (69),D55,634349.559151717,4837819.32279013
300,6184109,1186516,7/23/2010 4:00:00 AM,1737,DANFORTH AVE,GREENWOOD AVE,,Major Arterial,Toronto and East York,43.681245,-79.33319,,No Control,Clear,Daylight,Dry,Non-Fatal Injury,Turning Movement,Driver,35 to 39,None,,East,"Automobile, Station Wagon",Making U Turn,Improper Turn,Inattentive,,,,,,,,,Yes,Yes,,,,,,,,,,69,Blake-Jones,69,Blake-Jones (69),D55,634349.559151717,4837819.32279013
301,6186763,1187629,7/30/2010 4:00:00 AM,2015,THE ESPLANADE,CHURCH ST,,Collector,Toronto and East York,43.647245,-79.37329,At Intersection,Traffic Signal,Clear,Daylight,Dry,Non-Fatal Injury,Turning Movement,Passenger,15 to 19,Minor,,,Other,,,,,,,,,,,,Yes,Yes,,,,Yes,,Yes,,,,166,St Lawrence-East Bayfront-The Islands,77,Waterfront Communities-The Island (77),D51,631191.393512496,4833978.99027898
302,6186764,1187629,7/30/2010 4:00:00 AM,2015,THE ESPLANADE,CHURCH ST,,Collector,Toronto and East York,43.647245,-79.37329,At Intersection,Traffic Signal,Clear,Daylight,Dry,Non-Fatal Injury,Turning Movement,Motorcycle Driver,25 to 29,Major,,East,Motorcycle,Going Ahead,Other,Had Been Drinking,,,,,,,,,Yes,Yes,,,,Yes,,Yes,,,,166,St Lawrence-East Bayfront-The Islands,77,Waterfront Communities-The Island (77),D51,631191.393512496,4833978.99027898