OBJECTID,INDEX,ACCNUM,DATE,TIME,STREET1,STREET2,OFFSET,ROAD_CLASS,DISTRICT,LATITUDE,LONGITUDE,ACCLOC,TRAFFCTL,VISIBILITY,LIGHT,RDSFCOND,ACCLASS,IMPACTYPE,INVTYPE,INVAGE,INJURY,FATAL_NO,INITDIR,VEHTYPE,MANOEUVER,DRIVACT,DRIVCOND,PEDTYPE,PEDACT,PEDCOND,CYCLISTYPE,CYCACT,CYCCOND,PEDESTRIAN,CYCLIST,AUTOMOBILE,MOTORCYCLE,TRUCK,TRSN_CITY_VEH,EMERG_VEH,PASSENGER,SPEEDING,AG_DRIV,REDLIGHT,ALCOHOL,DISABILITY,HOOD_158,NEIGHBOURHOOD_158,HOOD_140,NEIGHBOURHOOD_140,DIVISION,x,y
540,7464370,1315100,9/14/2012 4:00:00 AM,102,F G GARDINER XY  E,SOUTH KINGSWAY,,,Toronto and East York,43.634787,-79.470248,,No Control,Clear,"Dark, artificial",Dry,Fatal,SMV Other,Motorcycle Driver,30 to 34,Fatal,31,East,Motorcycle,Going Ahead,Lost control,Had Been Drinking,,,,,,,,,Yes,Yes,,,,,,,,,,85,South Parkdale,85,South Parkdale (85),D11,623397.321029363,4832446.6657058
541,7478080,1320814,9/15/2012 4:00:00 AM,1225,PHARMACY AVE,TEESDALE PL,,Minor Arterial,Scarborough,43.696986,-79.285388,At Intersection,Traffic Signal,Clear,Daylight,Dry,Non-Fatal Injury,SMV Other,Vehicle Owner,unknown,,,,Other,,,,,,,,,,,,,Yes,,,,,,,,,,121,Oakridge,121,Oakridge (121),D41,638166.430650607,4839646.12927912
542,7478081,1320814,9/15/2012 4:00:00 AM,1225,PHARMACY AVE,TEESDALE PL,,Minor Arterial,Scarborough,43.696986,-79.285388,At Intersection,Traffic Signal,Clear,Daylight,Dry,Non-Fatal Injury,SMV Other,Motorcycle Driver,45 to 49,Major,,East,Motorcycle,Turning Left,Lost control,Normal,,,,,,,,,,Yes,,,,,,,,,,121,Oakridge,121,Oakridge (121),D41,638166.430650607,4839646.12927912
543,7491187,1326460,9/17/2012 4:00:00 AM,850,BAYVIEW AVE,ROSEDALE VALLEY RD,,Major Arterial,Toronto and East York,43.671445,-79.36179,,No Control,Other,Other,Other,Non-Fatal Injury,Other,Vehicle Owner,unknown,,,,Other,,,,,,,,,,,,,Yes,,,,,,,,,,71,Cabbagetown-South St.James Town,71,Cabbagetown-South St.James Town (71),D51,632065.791079066,4836684.9668728
544,7491188,1326460,9/17/2012 4:00:00 AM,850,BAYVIEW AVE,ROSEDALE VALLEY RD,,Major Arterial,Toronto and East York,43.671445,-79.36179,,No Control,Other,Other,Other,Non-Fatal Injury,Other,Motorcycle Driver,30 to 34,Major,,South,Motorcycle,Going Ahead,Other,Unknown,,,,,,,,,,Yes,,,,,,,,,,71,Cabbagetown-South St.James Town,71,Cabbagetown-South St.James Town (71),D51,632065.791079066,4836684.9668728
545,7482215,1322569,9/20/2012 4:00:00 AM,750,DUNDAS St E,HILTZ Ave,,Minor Arterial,Toronto and East York,43.667544,-79.328189,,No Control,Clear,Daylight,Dry,Non-Fatal Injury,SMV Other,Motorcycle Driver,45 to 49,Major,,West,Motorcycle,Going Ahead,Lost control,Normal,,,,,,,,,,Yes,,,,,,,,,,70,South Riverdale,70,South Riverdale (70),D55,634783.328267147,4836305.75262619
546,7470680,1317754,9/24/2012 4:00:00 AM,848,DUNDAS ST E,GEORGE ST,,Major Arterial,Toronto and East York,43.657245,-79.37349,At Intersection,No Control,Clear,Daylight,Dry,Non-Fatal Injury,Other,Motorcycle Driver,60 to 64,Major,,West,Motorcycle,Going Ahead,Driving Properly,Normal,,,,,,,,,Yes,Yes,,,,,,,,,,73,Moss Park,73,Moss Park (73),D51,631153.494302828,4835089.30583685
547,7470681,1317754,9/24/2012 4:00:00 AM,848,DUNDAS ST E,GEORGE ST,,Major Arterial,Toronto and East York,43.657245,-79.37349,At Intersection,No Control,Clear,Daylight,Dry,Non-Fatal Injury,Other,Driver - Not Hit,unknown,None,,,"Automobile, Station Wagon",,,,,,,,,,,,Yes,Yes,,,,,,,,,,73,Moss Park,73,Moss Park (73),D51,631153.494302828,4835089.30583685
548,7559685,1318483,10/5/2012 4:00:00 AM,1455,JANE ST,CORBETT AVE,,Major Arterial,Etobicoke York,43.670245,-79.49319,,No Control,Clear,Daylight,Dry,Fatal,SMV Other,Motorcycle Driver,35 to 39,Fatal,33,North,Motorcycle,Going Ahead,Driving Properly,Normal,,,,,,,,,Yes,Yes,,,,,,,,,,111,Rockcliffe-Smythe,111,Rockcliffe-Smythe (111),D12,621475.183187415,4836350.88453948
549,7559686,1318483,10/5/2012 4:00:00 AM,1455,JANE ST,CORBETT AVE,,Major Arterial,Etobicoke York,43.670245,-79.49319,,No Control,Clear,Daylight,Dry,Fatal,SMV Other,Driver,30 to 34,None,,North,"Automobile, Station Wagon",Changing Lanes,Improper Lane Change,Normal,,,,,,,,,Yes,Yes,,,,,,,,,,111,Rockcliffe-Smythe,111,Rockcliffe-Smythe (111),D12,621475.183187415,4836350.88453948
550,7492343,1326942,10/11/2012 4:00:00 AM,739,OSSINGTON AVE,DUNDAS ST W,,Major Arterial,Toronto and East York,43.649321,-79.420772,,No Control,Clear,Daylight,Dry,Non-Fatal Injury,Turning Movement,Motorcycle Driver,20 to 24,Major,,South,Motorcycle,Going Ahead,Driving Properly,Normal,,,,,,,,,Yes,Yes,,,,,,,,,,81,Trinity-Bellwoods,81,Trinity-Bellwoods (81),D14,627357.624224611,4834135.59140022
551,7492344,1326942,10/11/2012 4:00:00 AM,739,OSSINGTON AVE,DUNDAS ST W,,Major Arterial,Toronto and East York,43.649321,-79.420772,,No Control,Clear,Daylight,Dry,Non-Fatal Injury,Turning Movement,Vehicle Owner,unknown,,,,Other,,,,,,,,,,,,Yes,Yes,,,,,,,,,,81,Trinity-Bellwoods,81,Trinity-Bellwoods (81),D14,627357.624224611,4834135.59140022
552,7492345,1326942,10/11/2012 4:00:00 AM,739,OSSINGTON AVE,DUNDAS ST W,,Major Arterial,Toronto and East York,43.649321,-79.420772,,No Control,Clear,Daylight,Dry,Non-Fatal Injury,Turning Movement,Driver,50 to 54,None,,East,Taxi,Making U Turn,Improper Turn,Inattentive,,,,,,,,,Yes,Yes,,,,,,,,,,81,Trinity-Bellwoods,81,Trinity-Bellwoods (81),D14,627357.624224611,4834135.59140022
553,7500724,1330495,10/20/2012 4:00:00 AM,1145,DUPONT ST,OSSINGTON AVE,,Major Arterial,Toronto and East York,43.670345,-79.42749,,No Control,Clear,Daylight,Dry,Non-Fatal Injury,Turning Movement,Motorcycle Driver,30 to 34,Major,,East,Motorcycle,Going Ahead,Driving Properly,Normal,,,,,,,,,Yes,Yes,,,,,,Yes,,,,172,Dovercourt Village,93,Dovercourt-Wallace Emerson-Junction (93),D14,626771.58862582,4836460.29534698
554,7500725,1330495,10/20/2012 4:00:00 AM,1145,DUPONT ST,OSSINGTON AVE,,Major Arterial,Toronto and East York,43.670345,-79.42749,,No Control,Clear,Daylight,Dry,Non-Fatal Injury,Turning Movement,Vehicle Owner,unknown,,,,Other,,,,,,,,,,,,Yes,Yes,,,,,,Yes,,,,172,Dovercourt Village,93,Dovercourt-Wallace Emerson-Junction (93),D14,626771.58862582,4836460.29534698
555,7500726,1330495,10/20/2012 4:00:00 AM,1145,DUPONT ST,OSSINGTON AVE,,Major Arterial,Toronto and East York,43.670345,-79.42749,,No Control,Clear,Daylight,Dry,Non-Fatal Injury,Turning Movement,Driver,60 to 64,None,,West,"Automobile, Station Wagon",Making U Turn,Improper Turn,Inattentive,,,,,,,,,Yes,Yes,,,,,,Yes,,,,172,Dovercourt Village,93,Dovercourt-Wallace Emerson-Junction (93),D14,626771.58862582,4836460.29534698
556,7503195,1331563,11/9/2012 5:00:00 AM,2255,KING ST W,TECUMSETH ST,,Major Arterial,Toronto and East York,43.643515,-79.404651,,No Control,Rain,"Dark, artificial",Wet,Non-Fatal Injury,Approaching,Passenger,30 to 34,Minor,,,Other,,,,,,,,,,,,Yes,Yes,,,,Yes,,,,,,162,West Queen West,82,Niagara (82),D14,628670.119148323,4833515.62667869
557,7503196,1331563,11/9/2012 5:00:00 AM,2255,KING ST W,TECUMSETH ST,,Major Arterial,Toronto and East York,43.643515,-79.404651,,No Control,Rain,"Dark, artificial",Wet,Non-Fatal Injury,Approaching,Motorcycle Driver,30 to 34,Major,,West,Motorcycle,Going Ahead,Lost control,Normal,,,,,,,,,Yes,Yes,,,,Yes,,,,,,162,West Queen West,82,Niagara (82),D14,628670.119148323,4833515.62667869
558,7503197,1331563,11/9/2012 5:00:00 AM,2255,KING ST W,TECUMSETH ST,,Major Arterial,Toronto and East York,43.643515,-79.404651,,No Control,Rain,"Dark, artificial",Wet,Non-Fatal Injury,Approaching,Driver,50 to 54,None,,East,"Automobile, Station Wagon",Going Ahead,Driving Properly,Normal,,,,,,,,,Yes,Yes,,,,Yes,,,,,,162,West Queen West,82,Niagara (82),D14,628670.119148323,4833515.62667869
559,7543976,1338879,12/10/2012 5:00:00 AM,704,KING St E,PRINCESS St,,Major Arterial,Toronto and East York,43.651538,-79.367038,At Intersection,No Control,Rain,Dark,Wet,Non-Fatal Injury,Turning Movement,Motorcycle Driver,30 to 34,Major,,West,Motorcycle,Going Ahead,Driving Properly,Normal,,,,,,,,,Yes,Yes,,,,,,Yes,,,,73,Moss Park,73,Moss Park (73),D51,631686.229971026,4834465.68677719
560,7543977,1338879,12/10/2012 5:00:00 AM,704,KING St E,PRINCESS St,,Major Arterial,Toronto and East York,43.651538,-79.367038,At Intersection,No Control,Rain,Dark,Wet,Non-Fatal Injury,Turning Movement,Vehicle Owner,unknown,,,,Other,,,,,,,,,,,,Yes,Yes,,,,,,Yes,,,,73,Moss Park,73,Moss Park (73),D51,631686.229971026,4834465.68677719
561,7543978,1338879,12/10/2012 5:00:00 AM,704,KING St E,PRINCESS St,,Major Arterial,Toronto and East York,43.651538,-79.367038,At Intersection,No Control,Rain,Dark,Wet,Non-Fatal Injury,Turning Movement,Driver,55 to 59,None,,West,"Automobile, Station Wagon",Making U Turn,Failed to Yield Right of Way,Inattentive,,,,,,,,,Yes,Yes,,,,,,Yes,,,,73,Moss Park,73,Moss Park (73),D51,631686.229971026,4834465.68677719
562,7821262,1357350,4/22/2013 4:00:00 AM,1514,WEST TORONTO ST,KEELE ST,,Collector,Etobicoke York,43.669645,-79.46799,,No Control,Clear,Daylight,Dry,Non-Fatal Injury,Turning Movement,Vehicle Owner,unknown,,,,Other,,,,,,,,,,,,Yes,Yes,,,,,,Yes,,,,90,Junction Area,90,Junction Area (90),D11,623507.991629674,4836321.45624333
563,7821263,1357350,4/22/2013 4:00:00 AM,1514,WEST TORONTO ST,KEELE ST,,Collector,Etobicoke York,43.669645,-79.46799,,No Control,Clear,Daylight,Dry,Non-Fatal Injury,Turning Movement,Driver,35 to 39,None,,South,"Automobile, Station Wagon",Turning Left,Failed to Yield Right of Way,Normal,,,,,,,,,Yes,Yes,,,,,,Yes,,,,90,Junction Area,90,Junction Area (90),D11,623507.991629674,4836321.45624333
564,7821264,1357350,4/22/2013 4:00:00 AM,1514,WEST TORONTO ST,KEELE ST,,Collector,Etobicoke York,43.669645,-79.46799,,No Control,Clear,Daylight,Dry,Non-Fatal Injury,Turning Movement,Motorcycle Driver,50 to 54,Major,,West,Motorcycle,Going Ahead,Driving Properly,Normal,,,,,,,,,Yes,Yes,,,,,,Yes,,,,90,Junction Area,90,Junction Area (90),D11,623507.991629674,4836321.45624333
565,7823538,1358324,4/28/2013 4:00:00 AM,1241,BLOOR ST W,LANSDOWNE AVE,,Major Arterial,Toronto and East York,43.658345,-79.44269,At Intersection,Traffic Signal,Clear,Daylight,Dry,Non-Fatal Injury,Turning Movement,Driver,25 to 29,None,,East,"Automobile, Station Wagon",Turning Left,Driving Properly,Normal,,,,,,,,,Yes,Yes,,,,,Yes,Yes,,,,83,Dufferin Grove,93,Dovercourt-Wallace Emerson-Junction (93),D11,625571.210086372,4835104.42046486
566,7823539,1358324,4/28/2013 4:00:00 AM,1241,BLOOR ST W,LANSDOWNE AVE,,Major Arterial,Toronto and East York,43.658345,-79.44269,At Intersection,Traffic Signal,Clear,Daylight,Dry,Non-Fatal Injury,Turning Movement,Motorcycle Driver,50 to 54,Major,,West,Motorcycle,Going Ahead,Exceeding Speed Limit,Unknown,,,,,,,,,Yes,Yes,,,,,Yes,Yes,,,,83,Dufferin Grove,93,Dovercourt-Wallace Emerson-Junction (93),D11,625571.210086372,4835104.42046486
567,7815051,1354707,5/4/2013 4:00:00 AM,1450,YONGE ST,GERRARD ST E,,Major Arterial,Toronto and East York,43.659644,-79.382388,,No Control,Clear,Daylight,Dry,Fatal,Pedestrian Collisions,Motorcycle Driver,40 to 44,Fatal,13,North,Motorcycle,Changing Lanes,Improper Lane Change,Normal,,,,,,,Yes,,,Yes,,,,,,,,,,170,Yonge-Bay Corridor,76,Bay Street Corridor (76),D52,630430.802745006,4835341.72021485
568,7815052,1354707,5/4/2013 4:00:00 AM,1450,YONGE ST,GERRARD ST E,,Major Arterial,Toronto and East York,43.659644,-79.382388,,No Control,Clear,Daylight,Dry,Fatal,Pedestrian Collisions,Pedestrian,65 to 69,Minor,,North,,,,,Pedestrian hit on sidewalk or shoulder,On Sidewalk or Shoulder,Normal,,,,Yes,,,Yes,,,,,,,,,,170,Yonge-Bay Corridor,76,Bay Street Corridor (76),D52,630430.802745006,4835341.72021485
569,7815053,1354707,5/4/2013 4:00:00 AM,1450,YONGE ST,GERRARD ST E,,Major Arterial,Toronto and East York,43.659644,-79.382388,,No Control,Clear,Daylight,Dry,Fatal,Pedestrian Collisions,Pedestrian,20 to 24,Major,,West,,,,,Pedestrian hit at mid-block,"Crossing, no Traffic Control",Medical or Physical Disability,,,,Yes,,,Yes,,,,,,,,,,170,Yonge-Bay Corridor,76,Bay Street Corridor (76),D52,630430.802745006,4835341.72021485
570,7832749,1362376,5/8/2013 4:00:00 AM,1423,EGLINTON AVE W,BRAEMAR AVE,,Major Arterial,North York,43.704345,-79.40959,At Intersection,No Control,Clear,Daylight,Dry,Non-Fatal Injury,Turning Movement,Vehicle Owner,unknown,,,,Other,,,,,,,,,,,,Yes,Yes,,,,,,Yes,,,,100,Yonge-Eglinton,100,Yonge-Eglinton (100),D53,628142.234380323,4840263.97203781
571,7832750,1362376,5/8/2013 4:00:00 AM,1423,EGLINTON AVE W,BRAEMAR AVE,,Major Arterial,North York,43.704345,-79.40959,At Intersection,No Control,Clear,Daylight,Dry,Non-Fatal Injury,Turning Movement,Driver,20 to 24,None,,West,"Automobile, Station Wagon",Turning Left,Driving Properly,Normal,,,,,,,,,Yes,Yes,,,,,,Yes,,,,100,Yonge-Eglinton,100,Yonge-Eglinton (100),D53,628142.234380323,4840263.97203781
572,7832751,1362376,5/8/2013 4:00:00 AM,1423,EGLINTON AVE W,BRAEMAR AVE,,Major Arterial,North York,43.704345,-79.40959,At Intersection,No Control,Clear,Daylight,Dry,Non-Fatal Injury,Turning Movement,Motorcycle Driver,20 to 24,Major,,East,Motorcycle,Going Ahead,Improper Passing,Inattentive,,,,,,,,,Yes,Yes,,,,,,Yes,,,,100,Yonge-Eglinton,100,Yonge-Eglinton (100),D53,628142.234380323,4840263.97203781
573,7838411,1364796,5/17/2013 4:00:00 AM,1406,BATHURST ST,NINA ST,,Major Arterial,Toronto and East York,43.679845,-79.41699,At Intersection,Traffic Signal,Clear,Daylight,Dry,Non-Fatal Injury,Sideswipe,Driver,20 to 24,None,,North,"Automobile, Station Wagon",Changing Lanes,Driving Properly,Normal,,,,,,,,,Yes,Yes,,,,,,Yes,,,,94,Wychwood,94,Wychwood (94),D13,627597.943099944,4837531.49803857
574,7838412,1364796,5/17/2013 4:00:00 AM,1406,BATHURST ST,NINA ST,,Major Arterial,Toronto and East York,43.679845,-79.41699,At Intersection,Traffic Signal,Clear,Daylight,Dry,Non-Fatal Injury,Sideswipe,Vehicle Owner,unknown,,,,Other,,,,,,,,,,,,Yes,Yes,,,,,,Yes,,,,94,Wychwood,94,Wychwood (94),D13,627597.943099944,4837531.49803857
575,7838413,1364796,5/17/2013 4:00:00 AM,1406,BATHURST ST,NINA ST,,Major Arterial,Toronto and East York,43.679845,-79.41699,At Intersection,Traffic Signal,Clear,Daylight,Dry,Non-Fatal Injury,Sideswipe,Motorcycle Driver,35 to 39,Major,,North,Motorcycle,Going Ahead,Improper Passing,Normal,,,,,,,,,Yes,Yes,,,,,,Yes,,,,94,Wychwood,94,Wychwood (94),D13,627597.943099944,4837531.49803857
576,7820656,1357107,5/20/2013 4:00:00 AM,1405,SPADINA Ave,COLLEGE St,,Major Arterial,Toronto and East York,43.659045,-79.40049,At Intersection,No Control,Clear,Daylight,Dry,Non-Fatal Injury,SMV Other,Motorcycle Driver,25 to 29,Major,,North,Motorcycle,Turning Right,Lost control,Normal,,,,,,,,,,Yes,,,,,Yes,Yes,,,,79,University,79,University (79),D52,628972.47517118,4835246.89573197
577,7841487,1366092,5/29/2013 4:00:00 AM,2230,LAKE SHORE Blvd W,THIRTY SEVENTH St,,Major Arterial,Etobicoke York,43.593345,-79.53819,At Intersection,Traffic Signal,Clear,"Dark, artificial",Dry,Non-Fatal Injury,Turning Movement,Motorcycle Driver,15 to 19,Major,,West,Motorcycle,Going Ahead,Driving Properly,Normal,,,,,,,,,Yes,Yes,,,,,,,,,,19,Long Branch,19,Long Branch (19),D22,617997.758213692,4827745.27740579
578,7841488,1366092,5/29/2013 4:00:00 AM,2230,LAKE SHORE Blvd W,THIRTY SEVENTH St,,Major Arterial,Etobicoke York,43.593345,-79.53819,At Intersection,Traffic Signal,Clear,"Dark, artificial",Dry,Non-Fatal Injury,Turning Movement,Driver,55 to 59,None,,West,"Automobile, Station Wagon",Turning Left,Improper Turn,Inattentive,,,,,,,,,Yes,Yes,,,,,,,,,,19,Long Branch,19,Long Branch (19),D22,617997.758213692,4827745.27740579
579,7843303,1366796,6/5/2013 4:00:00 AM,2035,FINCH AVE W,WILMINGTON AVE,,Major Arterial,North York,43.770243,-79.460712,At Intersection,Traffic Signal,Clear,Daylight,Dry,Non-Fatal Injury,Turning Movement,Vehicle Owner,unknown,,,,Other,,,,,,,,,,,,Yes,Yes,,,,,,Yes,Yes,,,34,Bathurst Manor,34,Bathurst Manor (34),D32,623887.23232269,4847505.15101069
580,7843304,1366796,6/5/2013 4:00:00 AM,2035,FINCH AVE W,WILMINGTON AVE,,Major Arterial,North York,43.770243,-79.460712,At Intersection,Traffic Signal,Clear,Daylight,Dry,Non-Fatal Injury,Turning Movement,Driver,25 to 29,None,,West,"Automobile, Station Wagon",Turning Left,Driving Properly,Normal,,,,,,,,,Yes,Yes,,,,,,Yes,Yes,,,34,Bathurst Manor,34,Bathurst Manor (34),D32,623887.23232269,4847505.15101069
581,7843305,1366796,6/5/2013 4:00:00 AM,2035,FINCH AVE W,WILMINGTON AVE,,Major Arterial,North York,43.770243,-79.460712,At Intersection,Traffic Signal,Clear,Daylight,Dry,Non-Fatal Injury,Turning Movement,Motorcycle Driver,40 to 44,Major,,East,Motorcycle,Going Ahead,Disobeyed Traffic Control,Normal,,,,,,,,,Yes,Yes,,,,,,Yes,Yes,,,34,Bathurst Manor,34,Bathurst Manor (34),D32,623887.23232269,4847505.15101069
582,7848510,1368998,6/9/2013 4:00:00 AM,2122,KEELE ST,WILSON AVE,,Major Arterial,North York,43.726645,-79.48209,At Intersection,Traffic Signal,Clear,"Dark, artificial",Dry,Non-Fatal Injury,Turning Movement,Motorcycle Driver,20 to 24,Major,,North,Motorcycle,Going Ahead,Driving Properly,Normal,,,,,,,,,Yes,Yes,,,,Yes,,Yes,,,,155,Downsview,26,Downsview-Roding-CFB (26),D31,622255.369867711,4842631.19272048
583,7848511,1368998,6/9/2013 4:00:00 AM,2122,KEELE ST,WILSON AVE,,Major Arterial,North York,43.726645,-79.48209,At Intersection,Traffic Signal,Clear,"Dark, artificial",Dry,Non-Fatal Injury,Turning Movement,Passenger,15 to 19,Minimal,,,Other,,,,,,,,,,,,Yes,Yes,,,,Yes,,Yes,,,,155,Downsview,26,Downsview-Roding-CFB (26),D31,622255.369867711,4842631.19272048
584,7848512,1368998,6/9/2013 4:00:00 AM,2122,KEELE ST,WILSON AVE,,Major Arterial,North York,43.726645,-79.48209,At Intersection,Traffic Signal,Clear,"Dark, artificial",Dry,Non-Fatal Injury,Turning Movement,Driver,20 to 24,None,,South,"Automobile, Station Wagon",Turning Left,Failed to Yield Right of Way,Inattentive,,,,,,,,,Yes,Yes,,,,Yes,,Yes,,,,155,Downsview,26,Downsview-Roding-CFB (26),D31,622255.369867711,4842631.19272048
585,7850389,1369816,6/13/2013 4:00:00 AM,640,SPADINA RD,DUPONT ST,,Major Arterial,Toronto and East York,43.674845,-79.40709,At Intersection,Traffic Signal,Rain,Daylight,Wet,Non-Fatal Injury,Approaching,Motorcycle Driver,40 to 44,Major,,North,Motorcycle,Going Ahead,Driving Properly,Normal,,,,,,,,,Yes,Yes,,,,,,Yes,,,,95,Annex,95,Annex (95),D53,628406.601512852,4836991.45855856
586,7850390,1369816,6/13/2013 4:00:00 AM,640,SPADINA RD,DUPONT ST,,Major Arterial,Toronto and East York,43.674845,-79.40709,At Intersection,Traffic Signal,Rain,Daylight,Wet,Non-Fatal Injury,Approaching,Driver,55 to 59,None,,South,"Automobile, Station Wagon",Going Ahead,Following too Close,Normal,,,,,,,,,Yes,Yes,,,,,,Yes,,,,95,Annex,95,Annex (95),D53,628406.601512852,4836991.45855856
587,7851756,1370441,6/14/2013 4:00:00 AM,1230,754 ROYAL YORK RD,,,Minor Arterial,Etobicoke York,43.636045,-79.50669,,No Control,Clear,Daylight,Dry,Non-Fatal Injury,Rear End,Motorcycle Driver,15 to 19,Major,,South,Motorcycle,Going Ahead,Exceeding Speed Limit,Normal,,,,,,,,,Yes,Yes,,,,,Yes,Yes,,,,16,Stonegate-Queensway,16,Stonegate-Queensway (16),D22,620455.190633144,4832532.8554469
588,7851757,1370441,6/14/2013 4:00:00 AM,1230,754 ROYAL YORK RD,,,Minor Arterial,Etobicoke York,43.636045,-79.50669,,No Control,Clear,Daylight,Dry,Non-Fatal Injury,Rear End,Driver,40 to 44,None,,South,"Automobile, Station Wagon",Going Ahead,Driving Properly,Normal,,,,,,,,,Yes,Yes,,,,,Yes,Yes,,,,16,Stonegate-Queensway,16,Stonegate-Queensway (16),D22,620455.190633144,4832532.8554469
589,7852516,1370737,6/15/2013 4:00:00 AM,17,DUPONT ST,LANSDOWNE AVE,,Major Arterial,Toronto and East York,43.666745,-79.44649,,Traffic Signal,Clear,"Dark, artificial",Dry,Non-Fatal Injury,Rear End,Motorcycle Driver,35 to 39,Major,,East,Motorcycle,Stopped,Driving Properly,Normal,,,,,,,,,Yes,Yes,,,,,,Yes,,Yes,,171,Junction-Wallace Emerson,93,Dovercourt-Wallace Emerson-Junction (93),D11,625247.331800409,4836031.60718594
590,7852517,1370737,6/15/2013 4:00:00 AM,17,DUPONT ST,LANSDOWNE AVE,,Major Arterial,Toronto and East York,43.666745,-79.44649,,Traffic Signal,Clear,"Dark, artificial",Dry,Non-Fatal Injury,Rear End,Driver,20 to 24,Minimal,,East,"Automobile, Station Wagon",Going Ahead,Improper Passing,"Ability Impaired, Alcohol",,,,,,,,,Yes,Yes,,,,,,Yes,,Yes,,171,Junction-Wallace Emerson,93,Dovercourt-Wallace Emerson-Junction (93),D11,625247.331800409,4836031.60718594
591,7861089,1374422,6/29/2013 4:00:00 AM,2220,LAKE SHORE Blvd W,REMEMBRANCE Dr,,Major Arterial,Toronto and East York,43.634406,-79.408748,At Intersection,Traffic Signal,Clear,"Dark, artificial",Dry,Non-Fatal Injury,Turning Movement,Passenger,25 to 29,Minor,,,Other,,,,,,,,,,,,Yes,Yes,,,,Yes,,,,,,163,Fort York-Liberty Village,82,Niagara (82),D14,628359.074174218,4832497.61169219
592,7861090,1374422,6/29/2013 4:00:00 AM,2220,LAKE SHORE Blvd W,REMEMBRANCE Dr,,Major Arterial,Toronto and East York,43.634406,-79.408748,At Intersection,Traffic Signal,Clear,"Dark, artificial",Dry,Non-Fatal Injury,Turning Movement,Motorcycle Driver,35 to 39,Major,,East,Motorcycle,Going Ahead,Driving Properly,Normal,,,,,,,,,Yes,Yes,,,,Yes,,,,,,163,Fort York-Liberty Village,82,Niagara (82),D14,628359.074174218,4832497.61169219
593,7861091,1374422,6/29/2013 4:00:00 AM,2220,LAKE SHORE Blvd W,REMEMBRANCE Dr,,Major Arterial,Toronto and East York,43.634406,-79.408748,At Intersection,Traffic Signal,Clear,"Dark, artificial",Dry,Non-Fatal Injury,Turning Movement,Vehicle Owner,unknown,,,,Other,,,,,,,,,,,,Yes,Yes,,,,Yes,,,,,,163,Fort York-Liberty Village,82,Niagara (82),D14,628359.074174218,4832497.61169219
594,7861092,1374422,6/29/2013 4:00:00 AM,2220,LAKE SHORE Blvd W,REMEMBRANCE Dr,,Major Arterial,Toronto and East York,43.634406,-79.408748,At Intersection,Traffic Signal,Clear,"Dark, artificial",Dry,Non-Fatal Injury,Turning Movement,Driver,40 to 44,Minimal,,West,"Automobile, Station Wagon",Making U Turn,Improper Turn,Inattentive,,,,,,,,,Yes,Yes,,,,Yes,,,,,,163,Fort York-Liberty Village,82,Niagara (82),D14,628359.074174218,4832497.61169219
595,7863456,1375460,7/3/2013 4:00:00 AM,25,YORK MILLS RD,PARKWOODS VILLAGE DR,,Major Arterial,North York,43.761538,-79.323894,At Intersection,No Control,Clear,Dark,Dry,Non-Fatal Injury,SMV Other,Motorcycle Driver,20 to 24,Major,,North,Motorcycle,Going Ahead,Lost control,"Ability Impaired, Alcohol Over .08",,,,,,,,,,Yes,,,,,,Yes,,Yes,,150,Fenside-Parkwoods,45,Parkwoods-Donalda (45),D33,634918.495644741,4846752.12870804
596,7835426,1363537,7/3/2013 4:00:00 AM,2105,98 HAVENDALE RD,,,Collector,Scarborough,43.792746,-79.284488,,No Control,Clear,Dark,Dry,Fatal,SMV Other,Motorcycle Driver,25 to 29,Fatal,18,West,Motorcycle,Going Ahead,Lost control,Unknown,,,,,,,,,Yes,Yes,,,,,Yes,Yes,,,,128,Agincourt South-Malvern West,128,Agincourt South-Malvern West (128),D42,638018.701805917,4850283.21963659
597,7835427,1363537,7/3/2013 4:00:00 AM,2105,98 HAVENDALE RD,,,Collector,Scarborough,43.792746,-79.284488,,No Control,Clear,Dark,Dry,Fatal,SMV Other,Other,unknown,None,,Unknown,"Automobile, Station Wagon",Parked,,,,,,,,,,,Yes,Yes,,,,,Yes,Yes,,,,128,Agincourt South-Malvern West,128,Agincourt South-Malvern West (128),D42,638018.701805917,4850283.21963659
598,7835428,1363537,7/3/2013 4:00:00 AM,2105,98 HAVENDALE RD,,,Collector,Scarborough,43.792746,-79.284488,,No Control,Clear,Dark,Dry,Fatal,SMV Other,,unknown,,,,,,,,,,,,,,,,Yes,Yes,,,,,Yes,Yes,,,,128,Agincourt South-Malvern West,128,Agincourt South-Malvern West (128),D42,638018.701805917,4850283.21963659
599,7868117,1377456,7/13/2013 4:00:00 AM,1355,KENNEDY RD,MCNICOLL Ave,,Major Arterial,Scarborough,43.812129,-79.301936,At Intersection,Traffic Signal,Clear,Daylight,Dry,Non-Fatal Injury,Turning Movement,Motorcycle Driver,20 to 24,Major,,North,Motorcycle,Going Ahead,Driving Properly,Normal,,,,,,,,,Yes,Yes,,,,,,Yes,,,,130,Milliken,130,Milliken (130),D42,636570.76166793,4852407.06467248