OBJECTID,INDEX,ACCNUM,DATE,TIME,STREET1,STREET2,OFFSET,ROAD_CLASS,DISTRICT,LATITUDE,LONGITUDE,ACCLOC,TRAFFCTL,VISIBILITY,LIGHT,RDSFCOND,ACCLASS,IMPACTYPE,INVTYPE,INVAGE,INJURY,FATAL_NO,INITDIR,VEHTYPE,MANOEUVER,DRIVACT,DRIVCOND,PEDTYPE,PEDACT,PEDCOND,CYCLISTYPE,CYCACT,CYCCOND,PEDESTRIAN,CYCLIST,AUTOMOBILE,MOTORCYCLE,TRUCK,TRSN_CITY_VEH,EMERG_VEH,PASSENGER,SPEEDING,AG_DRIV,REDLIGHT,ALCOHOL,DISABILITY,HOOD_158,NEIGHBOURHOOD_158,HOOD_140,NEIGHBOURHOOD_140,DIVISION,x,y
661,81099884,3002013081,10/23/2013 4:00:00 AM,1704,COLLEGE ST,EUCLID AVE,,Major Arterial,Scarborough,43.655642,-79.411365,At Intersection,Traffic Signal,Clear,Daylight,Dry,Non-Fatal Injury,Turning Movement,Driver,25 to 29,None,,West,"Automobile, Station Wagon",Turning Left,Improper Turn,Inattentive,,,,,,,,,Yes,Yes,,,,,,,,,,81,Trinity-Bellwoods,81,Trinity-Bellwoods (81),D14,628102.824172196,4834852.10087581
662,81099885,3002013081,10/23/2013 4:00:00 AM,1704,COLLEGE ST,EUCLID AVE,,Major Arterial,Scarborough,43.655642,-79.411365,At Intersection,Traffic Signal,Clear,Daylight,Dry,Non-Fatal Injury,Turning Movement,Motorcycle Driver,40 to 44,Major,,East,Motorcycle,Going Ahead,Driving Properly,Normal,,,,,,,,,Yes,Yes,,,,,,,,,,81,Trinity-Bellwoods,81,Trinity-Bellwoods (81),D14,628102.824172196,4834852.10087581
663,81152763,4002013081,10/23/2013 4:00:00 AM,1704,COLLEGE ST,EUCLID AV,,Major Arterial,Toronto and East York,43.655708,-79.411381,Intersection Related,No Control,Clear,Daylight,Dry,Non-Fatal Injury,Turning Movement,Driver,25 to 29,None,,West,"Automobile, Station Wagon",Turning Left,Improper Turn,Inattentive,,,,,,,,,Yes,Yes,,,,,,,,,,81,Trinity-Bellwoods,81,Trinity-Bellwoods (81),D14,628101.393628775,4834859.40634116
664,81152764,4002013081,10/23/2013 4:00:00 AM,1704,COLLEGE ST,EUCLID AV,,Major Arterial,Toronto and East York,43.655708,-79.411381,Intersection Related,No Control,Clear,Daylight,Dry,Non-Fatal Injury,Turning Movement,Motorcycle Driver,40 to 44,Major,,East,Motorcycle,Going Ahead,Driving Properly,Normal,,,,,,,,,Yes,Yes,,,,,,,,,,81,Trinity-Bellwoods,81,Trinity-Bellwoods (81),D14,628101.393628775,4834859.40634116
665,80199278,3001098840,12/5/2013 5:00:00 AM,1905,LAKE SHORE BLVD W,BATHURST ST,,Major Arterial,Toronto and East York,43.636473,-79.399638,Intersection Related,Traffic Signal,Clear,"Dark, artificial",Dry,Non-Fatal Injury,Turning Movement,Driver,35 to 39,None,,West,"Automobile, Station Wagon",Turning Left,Improper Turn,Normal,,,,,,,,,Yes,Yes,,,,Yes,,,,,,165,Harbourfront-CityPlace,77,Waterfront Communities-The Island (77),D14,629089.518193979,4832741.30595142
666,80199279,3001098840,12/5/2013 5:00:00 AM,1905,LAKE SHORE BLVD W,BATHURST ST,,Major Arterial,Toronto and East York,43.636473,-79.399638,Intersection Related,Traffic Signal,Clear,"Dark, artificial",Dry,Non-Fatal Injury,Turning Movement,Motorcycle Driver,45 to 49,Major,,East,Motorcycle,Going Ahead,Driving Properly,Normal,,,,,,,,,Yes,Yes,,,,Yes,,,,,,165,Harbourfront-CityPlace,77,Waterfront Communities-The Island (77),D14,629089.518193979,4832741.30595142
667,80199280,3001098840,12/5/2013 5:00:00 AM,1905,LAKE SHORE BLVD W,BATHURST ST,,Major Arterial,Toronto and East York,43.636473,-79.399638,Intersection Related,Traffic Signal,Clear,"Dark, artificial",Dry,Non-Fatal Injury,Turning Movement,Motorcycle Passenger,25 to 29,Minimal,,,,,,,,,,,,,,,Yes,Yes,,,,Yes,,,,,,165,Harbourfront-CityPlace,77,Waterfront Communities-The Island (77),D14,629089.518193979,4832741.30595142
668,80206356,4001839598,4/6/2014 4:00:00 AM,1555,ROYAL YORK RD,KINGSGROVE BLVD,,Minor Arterial,Etobicoke York,43.65351,-79.514026,At Intersection,Stop Sign,Clear,Daylight,Dry,Non-Fatal Injury,Turning Movement,Driver,15 to 19,None,,West,"Automobile, Station Wagon",Turning Left,Failed to Yield Right of Way,Inattentive,,,,,,,,,Yes,Yes,,,,,,Yes,,,,15,Kingsway South,15,Kingsway South (15),D22,619828.711515347,4834461.94587772
669,80206357,4001839598,4/6/2014 4:00:00 AM,1555,ROYAL YORK RD,KINGSGROVE BLVD,,Minor Arterial,Etobicoke York,43.65351,-79.514026,At Intersection,Stop Sign,Clear,Daylight,Dry,Non-Fatal Injury,Turning Movement,Motorcycle Driver,40 to 44,Major,,North,Motorcycle,Going Ahead,Driving Properly,Normal,,,,,,,,,Yes,Yes,,,,,,Yes,,,,15,Kingsway South,15,Kingsway South (15),D22,619828.711515347,4834461.94587772
670,80508064,4001839979,4/6/2014 4:00:00 AM,1725,YONGE ST,PLEASANT BLVD,,Major Arterial,Toronto and East York,43.687121,-79.393695,At Intersection,No Control,Clear,Daylight,Dry,Non-Fatal Injury,Pedestrian Collisions,Driver,75 to 79,None,,South,"Automobile, Station Wagon",Turning Left,Failed to Yield Right of Way,Normal,,,,,,,Yes,,Yes,Yes,,,,,Yes,Yes,,,,98,Rosedale-Moore Park,98,Rosedale-Moore Park (98),D53,629459.995366486,4838375.69911935
671,80508065,4001839979,4/6/2014 4:00:00 AM,1725,YONGE ST,PLEASANT BLVD,,Major Arterial,Toronto and East York,43.687121,-79.393695,At Intersection,No Control,Clear,Daylight,Dry,Non-Fatal Injury,Pedestrian Collisions,Motorcycle Driver,25 to 29,Major,,North,Motorcycle,Changing Lanes,Driving Properly,Normal,,,,,,,Yes,,Yes,Yes,,,,,Yes,Yes,,,,98,Rosedale-Moore Park,98,Rosedale-Moore Park (98),D53,629459.995366486,4838375.69911935
672,80508066,4001839979,4/6/2014 4:00:00 AM,1725,YONGE ST,PLEASANT BLVD,,Major Arterial,Toronto and East York,43.687121,-79.393695,At Intersection,No Control,Clear,Daylight,Dry,Non-Fatal Injury,Pedestrian Collisions,Pedestrian,65 to 69,Major,,Unknown,,,,,Pedestrian hit on sidewalk or shoulder,On Sidewalk or Shoulder,Normal,,,,Yes,,Yes,Yes,,,,,Yes,Yes,,,,98,Rosedale-Moore Park,98,Rosedale-Moore Park (98),D53,629459.995366486,4838375.69911935
673,80206575,4001858374,4/9/2014 4:00:00 AM,1604,EGLINTON AVE E,BRENTCLIFFE RD,,Major Arterial,North York,43.714595,-79.359813,At Intersection,Traffic Signal,Clear,Daylight,Dry,Non-Fatal Injury,Turning Movement,Driver,45 to 49,None,,West,"Automobile, Station Wagon",Turning Left,Failed to Yield Right of Way,Normal,,,,,,,,,Yes,Yes,,,,,Yes,Yes,Yes,,,55,Thorncliffe Park,55,Thorncliffe Park (55),D53,632130.373999381,4841480.52525869
674,80206576,4001858374,4/9/2014 4:00:00 AM,1604,EGLINTON AVE E,BRENTCLIFFE RD,,Major Arterial,North York,43.714595,-79.359813,At Intersection,Traffic Signal,Clear,Daylight,Dry,Non-Fatal Injury,Turning Movement,Motorcycle Driver,35 to 39,Major,,East,Motorcycle,Going Ahead,Disobeyed Traffic Control,Unknown,,,,,,,,,Yes,Yes,,,,,Yes,Yes,Yes,,,55,Thorncliffe Park,55,Thorncliffe Park (55),D53,632130.373999381,4841480.52525869
675,80206765,4001879766,4/12/2014 4:00:00 AM,2030,GREENWOOD AVE,OAKVALE AVE,,Minor Arterial,Toronto and East York,43.67966,-79.331622,Intersection Related,Stop Sign,Clear,"Dark, artificial",Dry,Non-Fatal Injury,Turning Movement,Motorcycle Driver,35 to 39,Major,,South,Motorcycle,Going Ahead,Exceeding Speed Limit,Normal,,,,,,,,,Yes,Yes,,,,,Yes,Yes,,,,65,Greenwood-Coxwell,65,Greenwood-Coxwell (65),D55,634479.486922855,4837645.8279337
676,80206766,4001879766,4/12/2014 4:00:00 AM,2030,GREENWOOD AVE,OAKVALE AVE,,Minor Arterial,Toronto and East York,43.67966,-79.331622,Intersection Related,Stop Sign,Clear,"Dark, artificial",Dry,Non-Fatal Injury,Turning Movement,Driver,25 to 29,None,,East,Passenger Van,Turning Left,Driving Properly,Normal,,,,,,,,,Yes,Yes,,,,,Yes,Yes,,,,65,Greenwood-Coxwell,65,Greenwood-Coxwell (65),D55,634479.486922855,4837645.8279337
677,80206767,4001879766,4/12/2014 4:00:00 AM,2030,GREENWOOD AVE,OAKVALE AVE,,Minor Arterial,Toronto and East York,43.67966,-79.331622,Intersection Related,Stop Sign,Clear,"Dark, artificial",Dry,Non-Fatal Injury,Turning Movement,Driver,20 to 24,None,,Unknown,"Automobile, Station Wagon",Parked,Driving Properly,Unknown,,,,,,,,,Yes,Yes,,,,,Yes,Yes,,,,65,Greenwood-Coxwell,65,Greenwood-Coxwell (65),D55,634479.486922855,4837645.8279337
678,8000011,142041479,5/8/2014 4:00:00 AM,2108,RENFORTH DR,ERINGATE DR,,Minor Arterial,Etobicoke York,43.660464,-79.583576,,No Control,Clear,"Dusk, artificial",Dry,Fatal,Turning Movement,Driver,25 to 29,None,,South,"Automobile, Station Wagon",Turning Left,Improper Turn,Normal,,,,,,,,,Yes,Yes,,,,,Yes,Yes,,,,11,Eringate-Centennial-West Deane,11,Eringate-Centennial-West Deane (11),D22,614206.984259547,4835136.1956865
679,80000027,142041479,5/8/2014 4:00:00 AM,2108,RENFORTH DR,ERINGATE DR,,Minor Arterial,Etobicoke York,43.660464,-79.583576,,No Control,Clear,"Dusk, artificial",Dry,Fatal,Turning Movement,Motorcycle Driver,20 to 24,Fatal,8,North,Motorcycle,Going Ahead,Exceeding Speed Limit,Unknown,,,,,,,,,Yes,Yes,,,,,Yes,Yes,,,,11,Eringate-Centennial-West Deane,11,Eringate-Centennial-West Deane (11),D22,614206.984259547,4835136.1956865
680,80208507,4002053519,5/10/2014 4:00:00 AM,1910,LAKE SHORE BLVD W,BROOKERS LANE,132 m West o,Major Arterial,Etobicoke York,43.626296,-79.479442,Non Intersection,No Control,Clear,Daylight,Dry,Non-Fatal Injury,Sideswipe,Motorcycle Driver,50 to 54,Major,,East,Motorcycle,Changing Lanes,Improper Lane Change,Inattentive,,,,,,,,,Yes,Yes,,,,,,,,,,161,Humber Bay Shores,17,Mimico (includes Humber Bay Shores) (17),D22,622672.953711981,4831490.00783144
681,80208508,4002053519,5/10/2014 4:00:00 AM,1910,LAKE SHORE BLVD W,BROOKERS LANE,132 m West o,Major Arterial,Etobicoke York,43.626296,-79.479442,Non Intersection,No Control,Clear,Daylight,Dry,Non-Fatal Injury,Sideswipe,Driver,30 to 34,Minimal,,East,"Automobile, Station Wagon",Going Ahead,Driving Properly,Normal,,,,,,,,,Yes,Yes,,,,,,,,,,161,Humber Bay Shores,17,Mimico (includes Humber Bay Shores) (17),D22,622672.953711981,4831490.00783144
682,80161159,4002138456,5/23/2014 4:00:00 AM,2011,MEADOWVALE RD,SHEPPARD AVE E,,Major Arterial,Scarborough,43.808364,-79.170802,At Intersection,Traffic Signal,Clear,Dark,Dry,Non-Fatal Injury,Turning Movement,Motorcycle Driver,45 to 49,Major,,South,Motorcycle,Going Ahead,Driving Properly,Normal,,,,,,,,,Yes,Yes,,,,,,Yes,,,,143,West Rouge,131,Rouge (131),D42,647126.890043289,4852213.72115777
683,80161160,4002138456,5/23/2014 4:00:00 AM,2011,MEADOWVALE RD,SHEPPARD AVE E,,Major Arterial,Scarborough,43.808364,-79.170802,At Intersection,Traffic Signal,Clear,Dark,Dry,Non-Fatal Injury,Turning Movement,Driver,15 to 19,None,,North,"Automobile, Station Wagon",Turning Left,Failed to Yield Right of Way,Normal,,,,,,,,,Yes,Yes,,,,,,Yes,,,,143,West Rouge,131,Rouge (131),D42,647126.890043289,4852213.72115777
684,80209374,4002144979,5/24/2014 4:00:00 AM,1954,1484 DANFORTH RD,,30 m South o,Major Arterial,Scarborough,43.74924,-79.244464,Non Intersection,No Control,Clear,Daylight,Dry,Non-Fatal Injury,Angle,Driver,35 to 39,None,,East,"Automobile, Station Wagon",Reversing,Other,Inattentive,,,,,,,,,Yes,Yes,,,,,Yes,Yes,,,,157,Bendale South,127,Bendale (127),D43,641341.255055133,4845518.7210256
685,80209375,4002144979,5/24/2014 4:00:00 AM,1954,1484 DANFORTH RD,,30 m South o,Major Arterial,Scarborough,43.74924,-79.244464,Non Intersection,No Control,Clear,Daylight,Dry,Non-Fatal Injury,Angle,Motorcycle Driver,20 to 24,Major,,South,Motorcycle,Going Ahead,Other,Unknown,,,,,,,,,Yes,Yes,,,,,Yes,Yes,,,,157,Bendale South,127,Bendale (127),D43,641341.255055133,4845518.7210256
686,80629484,4002187226,5/30/2014 4:00:00 AM,2205,LAKE SHORE BLVD W,KIPLING AVE,1 m North of,Major Arterial,Etobicoke York,43.598124,-79.51691,At Intersection,Traffic Signal,Clear,"Dark, artificial",Dry,Non-Fatal Injury,Rear End,Driver,20 to 24,None,,East,"Automobile, Station Wagon",Going Ahead,Following too Close,"Ability Impaired, Alcohol Over .08",,,,,,,,,Yes,Yes,,,,,,Yes,,Yes,,18,New Toronto,18,New Toronto (18),D22,619706.025495713,4828306.4874966
687,80629485,4002187226,5/30/2014 4:00:00 AM,2205,LAKE SHORE BLVD W,KIPLING AVE,1 m North of,Major Arterial,Etobicoke York,43.598124,-79.51691,At Intersection,Traffic Signal,Clear,"Dark, artificial",Dry,Non-Fatal Injury,Rear End,Motorcycle Driver,35 to 39,Major,,East,Motorcycle,Stopped,Driving Properly,Normal,,,,,,,,,Yes,Yes,,,,,,Yes,,Yes,,18,New Toronto,18,New Toronto (18),D22,619706.025495713,4828306.4874966
688,80210272,4002215759,6/3/2014 4:00:00 AM,2220,KENNEDY RD,HIGHVIEW AV,58 m North o,Collector,Scarborough,43.702975,-79.255931,Non Intersection,No Control,Clear,Dark,Dry,Non-Fatal Injury,Sideswipe,Motorcycle Driver,45 to 49,Major,,North,Motorcycle,Slowing or Stopping,Improper Passing,Inattentive,,,,,,,,,Yes,Yes,,,,Yes,,Yes,,,,122,Birchcliffe-Cliffside,122,Birchcliffe-Cliffside (122),D41,640526.163257691,4840360.8045039
689,80210273,4002215759,6/3/2014 4:00:00 AM,2220,KENNEDY RD,HIGHVIEW AV,58 m North o,Collector,Scarborough,43.702975,-79.255931,Non Intersection,No Control,Clear,Dark,Dry,Non-Fatal Injury,Sideswipe,Driver,15 to 19,None,,North,Pick Up Truck,Overtaking,Driving Properly,Normal,,,,,,,,,Yes,Yes,,,,Yes,,Yes,,,,122,Birchcliffe-Cliffside,122,Birchcliffe-Cliffside (122),D41,640526.163257691,4840360.8045039
690,80210274,4002215759,6/3/2014 4:00:00 AM,2220,KENNEDY RD,HIGHVIEW AV,58 m North o,Collector,Scarborough,43.702975,-79.255931,Non Intersection,No Control,Clear,Dark,Dry,Non-Fatal Injury,Sideswipe,Passenger,15 to 19,None,,,,,,,,,,,,,,,Yes,Yes,,,,Yes,,Yes,,,,122,Birchcliffe-Cliffside,122,Birchcliffe-Cliffside (122),D41,640526.163257691,4840360.8045039
691,80162903,4002231179,6/6/2014 4:00:00 AM,555,F G GARDINER XY  E,GRAND AVE,,,Etobicoke York,43.623709,-79.496753,Non Intersection,No Control,Clear,Daylight,Dry,Non-Fatal Injury,SMV Other,Motorcycle Driver,20 to 24,Major,,East,Motorcycle,Going Ahead,Speed too Fast For Condition,Unknown,,,,,,,,,,Yes,,,,,Yes,Yes,,,,160,Mimico-Queensway,17,Mimico (includes Humber Bay Shores) (17),D22,621281.556301903,4831177.25680059
692,80210955,4002278513,6/12/2014 4:00:00 AM,2138,KINGSTON RD,VALHALLA BLVD,,Major Arterial,Scarborough,43.689433,-79.268268,At Intersection,Stop Sign,Clear,Dark,Dry,Non-Fatal Injury,Turning Movement,Driver,60 to 64,None,,North,"Automobile, Station Wagon",Turning Left,Failed to Yield Right of Way,Inattentive,,,,,,,,,Yes,Yes,,,,,,Yes,,,,122,Birchcliffe-Cliffside,122,Birchcliffe-Cliffside (122),D41,639563.526814976,4838835.93381156
693,80210956,4002278513,6/12/2014 4:00:00 AM,2138,KINGSTON RD,VALHALLA BLVD,,Major Arterial,Scarborough,43.689433,-79.268268,At Intersection,Stop Sign,Clear,Dark,Dry,Non-Fatal Injury,Turning Movement,Motorcycle Driver,40 to 44,Major,,East,Motorcycle,Going Ahead,Driving Properly,Normal,,,,,,,,,Yes,Yes,,,,,,Yes,,,,122,Birchcliffe-Cliffside,122,Birchcliffe-Cliffside (122),D41,639563.526814976,4838835.93381156
694,80000031,142300273,6/16/2014 4:00:00 AM,827,BROADVIEW AVE,FAIRVIEW BLVD,,Minor Arterial,Toronto and East York,43.675116,-79.357845,,No Control,Rain,Daylight,Wet,Fatal,SMV Other,Motorcycle Driver,45 to 49,Fatal,12,North,Motorcycle,Going Ahead,Driving Properly,Unknown,,,,,,,,,,Yes,,,,,,,,,,68,North Riverdale,68,North Riverdale (68),D55,632375.752706781,4837098.96968265
695,80211243,4002306340,6/17/2014 4:00:00 AM,311,KING ST W,BRANT ST,,Major Arterial,Toronto and East York,43.644942,-79.397632,Non Intersection,Pedestrian Crossover,Clear,"Dark, artificial",Dry,Non-Fatal Injury,Sideswipe,Motorcycle Driver,25 to 29,Major,,East,Motorcycle,Other,Improper Lane Change,Had Been Drinking,,,,,,,,,,Yes,,,,,,,,,,164,Wellington Place,77,Waterfront Communities-The Island (77),D14,629233.170451693,4833685.01932854
696,80211244,4002306340,6/17/2014 4:00:00 AM,311,KING ST W,BRANT ST,,Major Arterial,Toronto and East York,43.644942,-79.397632,Non Intersection,Pedestrian Crossover,Clear,"Dark, artificial",Dry,Non-Fatal Injury,Sideswipe,Motorcycle Driver,30 to 34,Major,,East,Motorcycle,Going Ahead,Driving Properly,Had Been Drinking,,,,,,,,,,Yes,,,,,,,,,,164,Wellington Place,77,Waterfront Communities-The Island (77),D14,629233.170451693,4833685.01932854
697,80212823,4002443760,7/6/2014 4:00:00 AM,1819,DON VALLEY PARKWAY  S,BAYVIEW BLOOR DVP S RAMP,100 m South ,,Toronto and East York,43.681025,-79.362567,Non Intersection,No Control,Clear,Daylight,Dry,Non-Fatal Injury,SMV Other,Motorcycle Driver,35 to 39,Major,,South,Motorcycle,Going Ahead,Lost control,Normal,,,,,,,,,,Yes,,,,,,Yes,,,,57,Broadview North,57,Broadview North (57),D55,631982.147349605,4837747.71968443
698,80214561,4002581656,7/27/2014 4:00:00 AM,1120,GUILDWOOD PKWY,ROWATSON RD,,Minor Arterial,Scarborough,43.747069,-79.201221,At/Near Private Drive,No Control,Clear,Daylight,Dry,Non-Fatal Injury,Turning Movement,Driver,20 to 24,None,,West,"Automobile, Station Wagon",Turning Left,Improper Turn,Inattentive,,,,,,,,,Yes,Yes,,,,,,,,,,140,Guildwood,140,Guildwood (140),D43,644828.104053358,4845352.29766669
699,80214562,4002581656,7/27/2014 4:00:00 AM,1120,GUILDWOOD PKWY,ROWATSON RD,,Minor Arterial,Scarborough,43.747069,-79.201221,At/Near Private Drive,No Control,Clear,Daylight,Dry,Non-Fatal Injury,Turning Movement,Motorcycle Driver,25 to 29,Major,,East,Motorcycle,Going Ahead,Driving Properly,Normal,,,,,,,,,Yes,Yes,,,,,,,,,,140,Guildwood,140,Guildwood (140),D43,644828.104053358,4845352.29766669
700,80169592,4002625418,8/2/2014 4:00:00 AM,2319,SHEPPARD  AVE E,ROBERT WOODHEAD CRES,,Major Arterial,North York,43.746352,-79.482951,Non Intersection,No Control,Clear,"Dark, artificial",Dry,Non-Fatal Injury,Pedestrian Collisions,Driver,35 to 39,None,,West,"Automobile, Station Wagon",Going Ahead,Driving Properly,Normal,,,,,,,Yes,,Yes,Yes,,,,,,Yes,,,,155,Downsview,26,Downsview-Roding-CFB (26),D31,622145.948278469,4844818.66935969
701,80169593,4002625418,8/2/2014 4:00:00 AM,2319,SHEPPARD  AVE E,ROBERT WOODHEAD CRES,,Major Arterial,North York,43.746352,-79.482951,Non Intersection,No Control,Clear,"Dark, artificial",Dry,Non-Fatal Injury,Pedestrian Collisions,Motorcycle Driver,15 to 19,Minor,,West,Motorcycle,Going Ahead,Lost control,Had Been Drinking,,,,,,,Yes,,Yes,Yes,,,,,,Yes,,,,155,Downsview,26,Downsview-Roding-CFB (26),D31,622145.948278469,4844818.66935969
702,80169594,4002625418,8/2/2014 4:00:00 AM,2319,SHEPPARD  AVE E,ROBERT WOODHEAD CRES,,Major Arterial,North York,43.746352,-79.482951,Non Intersection,No Control,Clear,"Dark, artificial",Dry,Non-Fatal Injury,Pedestrian Collisions,Pedestrian,15 to 19,Major,,North,,,,,Pedestrian hit at mid-block,"Crossing, no Traffic Control",Had Been Drinking,,,,Yes,,Yes,Yes,,,,,,Yes,,,,155,Downsview,26,Downsview-Roding-CFB (26),D31,622145.948278469,4844818.66935969
703,80215387,4002650961,8/7/2014 4:00:00 AM,100,REXDALE BLVD,HIGHWAY 27  N,17 m West of,Major Arterial,Etobicoke York,43.717257,-79.595607,Non Intersection,Traffic Signal,Clear,"Dusk, artificial",Dry,Non-Fatal Injury,SMV Other,Motorcycle Driver,35 to 39,Major,,West,Motorcycle,Going Ahead,Lost control,Unknown,,,,,,,,,,Yes,,,,,,,,,,1,West Humber-Clairville,1,West Humber-Clairville (1),D23,613130.096343118,4841427.32370994
704,80215907,4002688656,8/12/2014 4:00:00 AM,1614,WOODBINE AVE,HEYWORTH CRES,,Major Arterial,Toronto and East York,43.675315,-79.30849,Non Intersection,No Control,Clear,Daylight,Dry,Non-Fatal Injury,Turning Movement,Driver,40 to 44,None,,South,"Automobile, Station Wagon",Turning Left,Failed to Yield Right of Way,Inattentive,,,,,,,,,Yes,Yes,,,,Yes,,Yes,,,,62,East End-Danforth,62,East End-Danforth (62),D55,636353.903152735,4837201.02332803
705,80215908,4002688656,8/12/2014 4:00:00 AM,1614,WOODBINE AVE,HEYWORTH CRES,,Major Arterial,Toronto and East York,43.675315,-79.30849,Non Intersection,No Control,Clear,Daylight,Dry,Non-Fatal Injury,Turning Movement,Motorcycle Driver,35 to 39,Major,,North,Motorcycle,Going Ahead,Driving Properly,Normal,,,,,,,,,Yes,Yes,,,,Yes,,Yes,,,,62,East End-Danforth,62,East End-Danforth (62),D55,636353.903152735,4837201.02332803
706,80215909,4002688656,8/12/2014 4:00:00 AM,1614,WOODBINE AVE,HEYWORTH CRES,,Major Arterial,Toronto and East York,43.675315,-79.30849,Non Intersection,No Control,Clear,Daylight,Dry,Non-Fatal Injury,Turning Movement,Passenger,10 to 14,None,,,,,,,,,,,,,,,Yes,Yes,,,,Yes,,Yes,,,,62,East End-Danforth,62,East End-Danforth (62),D55,636353.903152735,4837201.02332803
707,80216160,4002711350,8/16/2014 4:00:00 AM,2320,LANSDOWNE AVE,DUPONT ST,,Major Arterial,Toronto and East York,43.666716,-79.446452,At Intersection,Traffic Signal,Clear,"Dark, artificial",Dry,Non-Fatal Injury,Turning Movement,Driver,35 to 39,None,,South,"Automobile, Station Wagon",Turning Left,Failed to Yield Right of Way,Inattentive,,,,,,,,,Yes,Yes,,,,,,Yes,,,,171,Junction-Wallace Emerson,93,Dovercourt-Wallace Emerson-Junction (93),D11,625250.45578508,4836028.443722
708,80216161,4002711350,8/16/2014 4:00:00 AM,2320,LANSDOWNE AVE,DUPONT ST,,Major Arterial,Toronto and East York,43.666716,-79.446452,At Intersection,Traffic Signal,Clear,"Dark, artificial",Dry,Non-Fatal Injury,Turning Movement,Motorcycle Driver,35 to 39,Major,,North,Motorcycle,Going Ahead,Driving Properly,Normal,,,,,,,,,Yes,Yes,,,,,,Yes,,,,171,Junction-Wallace Emerson,93,Dovercourt-Wallace Emerson-Junction (93),D11,625250.45578508,4836028.443722
709,80631866,4002721774,8/17/2014 4:00:00 AM,1645,OSSINGTON AVE,DEWSON ST,,Minor Arterial,Toronto and East York,43.657092,-79.423747,At Intersection,No Control,Clear,Daylight,Dry,Non-Fatal Injury,Turning Movement,Driver,40 to 44,None,,South,Passenger Van,Turning Left,Improper Turn,Inattentive,,,,,,,,,Yes,Yes,,,,Yes,,,,,,80,Palmerston-Little Italy,80,Palmerston-Little Italy (80),D14,627101.307220989,4834994.10103195
710,80631867,4002721774,8/17/2014 4:00:00 AM,1645,OSSINGTON AVE,DEWSON ST,,Minor Arterial,Toronto and East York,43.657092,-79.423747,At Intersection,No Control,Clear,Daylight,Dry,Non-Fatal Injury,Turning Movement,Motorcycle Driver,30 to 34,Major,,North,Motorcycle,Going Ahead,Driving Properly,Unknown,,,,,,,,,Yes,Yes,,,,Yes,,,,,,80,Palmerston-Little Italy,80,Palmerston-Little Italy (80),D14,627101.307220989,4834994.10103195
711,80631868,4002721774,8/17/2014 4:00:00 AM,1645,OSSINGTON AVE,DEWSON ST,,Minor Arterial,Toronto and East York,43.657092,-79.423747,At Intersection,No Control,Clear,Daylight,Dry,Non-Fatal Injury,Turning Movement,Passenger,50 to 54,None,,,,,,,,,,,,,,,Yes,Yes,,,,Yes,,,,,,80,Palmerston-Little Italy,80,Palmerston-Little Italy (80),D14,627101.307220989,4834994.10103195
712,80631869,4002721774,8/17/2014 4:00:00 AM,1645,OSSINGTON AVE,DEWSON ST,,Minor Arterial,Toronto and East York,43.657092,-79.423747,At Intersection,No Control,Clear,Daylight,Dry,Non-Fatal Injury,Turning Movement,Passenger,45 to 49,Minimal,,,,,,,,,,,,,,,Yes,Yes,,,,Yes,,,,,,80,Palmerston-Little Italy,80,Palmerston-Little Italy (80),D14,627101.307220989,4834994.10103195
713,80631870,4002721774,8/17/2014 4:00:00 AM,1645,OSSINGTON AVE,DEWSON ST,,Minor Arterial,Toronto and East York,43.657092,-79.423747,At Intersection,No Control,Clear,Daylight,Dry,Non-Fatal Injury,Turning Movement,Passenger,5 to 9,Minimal,,,,,,,,,,,,,,,Yes,Yes,,,,Yes,,,,,,80,Palmerston-Little Italy,80,Palmerston-Little Italy (80),D14,627101.307220989,4834994.10103195
714,80631871,4002721774,8/17/2014 4:00:00 AM,1645,OSSINGTON AVE,DEWSON ST,,Minor Arterial,Toronto and East York,43.657092,-79.423747,At Intersection,No Control,Clear,Daylight,Dry,Non-Fatal Injury,Turning Movement,Passenger,35 to 39,Minimal,,,,,,,,,,,,,,,Yes,Yes,,,,Yes,,,,,,80,Palmerston-Little Italy,80,Palmerston-Little Italy (80),D14,627101.307220989,4834994.10103195
715,80631872,4002722723,8/17/2014 4:00:00 AM,2100,2169 YONGE ST,,,Major Arterial,Toronto and East York,43.705058,-79.397983,At/Near Private Drive,No Control,Clear,Daylight,Dry,Non-Fatal Injury,Turning Movement,Driver,40 to 44,None,,South,"Automobile, Station Wagon",Turning Left,Failed to Yield Right of Way,Inattentive,,,,,,,,,Yes,Yes,,,,Yes,,Yes,,,,174,South Eglinton-Davisville,104,Mount Pleasant West (104),D53,629075.910453155,4840361.16710144
716,80631873,4002722723,8/17/2014 4:00:00 AM,2100,2169 YONGE ST,,,Major Arterial,Toronto and East York,43.705058,-79.397983,At/Near Private Drive,No Control,Clear,Daylight,Dry,Non-Fatal Injury,Turning Movement,Motorcycle Driver,40 to 44,Major,,North,Motorcycle,Going Ahead,Driving Properly,Normal,,,,,,,,,Yes,Yes,,,,Yes,,Yes,,,,174,South Eglinton-Davisville,104,Mount Pleasant West (104),D53,629075.910453155,4840361.16710144