OBJECTID,INDEX,ACCNUM,DATE,TIME,STREET1,STREET2,OFFSET,ROAD_CLASS,DISTRICT,LATITUDE,LONGITUDE,ACCLOC,TRAFFCTL,VISIBILITY,LIGHT,RDSFCOND,ACCLASS,IMPACTYPE,INVTYPE,INVAGE,INJURY,FATAL_NO,INITDIR,VEHTYPE,MANOEUVER,DRIVACT,DRIVCOND,PEDTYPE,PEDACT,PEDCOND,CYCLISTYPE,CYCACT,CYCCOND,PEDESTRIAN,CYCLIST,AUTOMOBILE,MOTORCYCLE,TRUCK,TRSN_CITY_VEH,EMERG_VEH,PASSENGER,SPEEDING,AG_DRIV,REDLIGHT,ALCOHOL,DISABILITY,HOOD_158,NEIGHBOURHOOD_158,HOOD_140,NEIGHBOURHOOD_140,DIVISION,x,y
948,80908527,,10/14/2016 4:00:00 AM,1918,JANE ST,MARSHLYNN AVE,,Major Arterial,Etobicoke York,43.704402,-79.504207,At Intersection,Stop Sign,Clear,"Dark, artificial",Dry,Non-Fatal Injury,Turning Movement,Motorcycle Driver,20 to 24,Major,,North,Motorcycle,Going Ahead,Driving Properly,Normal,,,,,,,,,Yes,Yes,,,,Yes,,Yes,,,,28,Rustic,28,Rustic (28),D12,620518.590212043,4840128.40617215
949,80908528,,10/14/2016 4:00:00 AM,1918,JANE ST,MARSHLYNN AVE,,Major Arterial,Etobicoke York,43.704402,-79.504207,At Intersection,Stop Sign,Clear,"Dark, artificial",Dry,Non-Fatal Injury,Turning Movement,Driver,50 to 54,Minimal,,South,"Automobile, Station Wagon",Turning Left,Failed to Yield Right of Way,Inattentive,,,,,,,,,Yes,Yes,,,,Yes,,Yes,,,,28,Rustic,28,Rustic (28),D12,620518.590212043,4840128.40617215
950,80938626,,10/19/2016 4:00:00 AM,950,DON VALLEY PARKWAY  N,LAWRENCE AVE E,100 m North ,Expressway,North York,43.740336,-79.332057,Non Intersection,No Control,Clear,Daylight,Dry,Non-Fatal Injury,Rear End,Motorcycle Driver,45 to 49,Major,,North,Motorcycle,Changing Lanes,Improper Lane Change,Normal,,,,,,,,,Yes,Yes,,,,,,,,,,42,Banbury-Don Mills,42,Banbury-Don Mills (42),D33,634308.824447711,4844384.06101978
951,80938627,,10/19/2016 4:00:00 AM,950,DON VALLEY PARKWAY  N,LAWRENCE AVE E,100 m North ,Expressway,North York,43.740336,-79.332057,Non Intersection,No Control,Clear,Daylight,Dry,Non-Fatal Injury,Rear End,Driver,40 to 44,None,,North,"Automobile, Station Wagon",Slowing or Stopping,Driving Properly,Normal,,,,,,,,,Yes,Yes,,,,,,,,,,42,Banbury-Don Mills,42,Banbury-Don Mills (42),D33,634308.824447711,4844384.06101978
952,80720900,,10/29/2016 4:00:00 AM,1825,LAWRENCE AVE W,CHATSWORTH DR,20 m East of,Major Arterial,North York,43.723117,-79.411304,Intersection Related,No Control,Clear,"Dark, artificial",Dry,Non-Fatal Injury,Turning Movement,Driver,70 to 74,None,,East,"Automobile, Station Wagon",Making U Turn,Improper Turn,Inattentive,,,,,,,,,Yes,Yes,,,,,,,,,,103,Lawrence Park South,103,Lawrence Park South (103),D53,627964.172792411,4842346.22090361
953,80721090,,10/29/2016 4:00:00 AM,1825,LAWRENCE AVE W,CHATSWORTH DR,20 m East of,Major Arterial,North York,43.723117,-79.411304,Intersection Related,No Control,Clear,"Dark, artificial",Dry,Non-Fatal Injury,Turning Movement,Motorcycle Driver,50 to 54,Major,,East,Motorcycle,Going Ahead,Driving Properly,Normal,,,,,,,,,Yes,Yes,,,,,,,,,,103,Lawrence Park South,103,Lawrence Park South (103),D53,627964.172792411,4842346.22090361
954,80721784,,11/1/2016 4:00:00 AM,1300,KIPLING AVE,JUTLAND RD,,Major Arterial,Etobicoke York,43.626231,-79.528804,At Intersection,Stop Sign,Clear,Daylight,Dry,Non-Fatal Injury,Turning Movement,Driver,40 to 44,None,,West,"Automobile, Station Wagon",Turning Left,Failed to Yield Right of Way,Inattentive,,,,,,,,,Yes,Yes,,,,,,Yes,,,,159,Etobicoke City Centre,14,Islington-City Centre West (14),D22,618690.70508936,4831411.03694701
955,80721785,,11/1/2016 4:00:00 AM,1300,KIPLING AVE,JUTLAND RD,,Major Arterial,Etobicoke York,43.626231,-79.528804,At Intersection,Stop Sign,Clear,Daylight,Dry,Non-Fatal Injury,Turning Movement,Motorcycle Driver,50 to 54,Major,,North,Motorcycle,Going Ahead,Driving Properly,Normal,,,,,,,,,Yes,Yes,,,,,,Yes,,,,159,Etobicoke City Centre,14,Islington-City Centre West (14),D22,618690.70508936,4831411.03694701
956,80721581,,11/3/2016 4:00:00 AM,226,F G GARDINER XY  E,CHERRY ST,,,Toronto and East York,43.648909,-79.3549,Non Intersection,No Control,Clear,"Dark, artificial",Dry,Non-Fatal Injury,SMV Other,Motorcycle Driver,20 to 24,Major,,East,Motorcycle,Going Ahead,Lost control,Inattentive,,,,,,,,,,Yes,,,,Yes,,,,,,166,St Lawrence-East Bayfront-The Islands,77,Waterfront Communities-The Island (77),D51,632670.868515918,4834193.03553313
957,80721582,,11/3/2016 4:00:00 AM,226,F G GARDINER XY  E,CHERRY ST,,,Toronto and East York,43.648909,-79.3549,Non Intersection,No Control,Clear,"Dark, artificial",Dry,Non-Fatal Injury,SMV Other,Motorcycle Passenger,20 to 24,Minor,,,,,,,,,,,,,,,,Yes,,,,Yes,,,,,,166,St Lawrence-East Bayfront-The Islands,77,Waterfront Communities-The Island (77),D51,632670.868515918,4834193.03553313
958,80632328,,11/12/2016 5:00:00 AM,1241,WILLOWDALE AVE,ABITIBI AVE,,Minor Arterial,North York,43.797526,-79.413745,At Intersection,Traffic Signal,Clear,Daylight,Dry,Non-Fatal Injury,Turning Movement,Driver,50 to 54,None,,South,"Automobile, Station Wagon",Turning Left,Failed to Yield Right of Way,Inattentive,,,,,,,,,Yes,Yes,,,,,,Yes,,,,50,Newtonbrook East,50,Newtonbrook East (50),D32,627609.269172068,4850606.69119185
959,80632329,,11/12/2016 5:00:00 AM,1241,WILLOWDALE AVE,ABITIBI AVE,,Minor Arterial,North York,43.797526,-79.413745,At Intersection,Traffic Signal,Clear,Daylight,Dry,Non-Fatal Injury,Turning Movement,Motorcycle Driver,55 to 59,Major,,North,Motorcycle,Going Ahead,Driving Properly,Normal,,,,,,,,,Yes,Yes,,,,,,Yes,,,,50,Newtonbrook East,50,Newtonbrook East (50),D32,627609.269172068,4850606.69119185
960,80722541,,11/13/2016 5:00:00 AM,2225,SHEPPARD AVE W,ARLETA AVE,,Major Arterial,Etobicoke York,43.741427,-79.50146,At Intersection,Traffic Signal,Clear,"Dark, artificial",Dry,Non-Fatal Injury,Turning Movement,Driver,25 to 29,None,,North,"Automobile, Station Wagon",Turning Left,Failed to Yield Right of Way,Inattentive,,,,,,,,,Yes,Yes,,,,,Yes,Yes,,,,25,Glenfield-Jane Heights,25,Glenfield-Jane Heights (25),D31,620665.569336999,4844244.55244479
961,80722594,,11/13/2016 5:00:00 AM,2225,SHEPPARD AVE W,ARLETA AVE,,Major Arterial,Etobicoke York,43.741427,-79.50146,At Intersection,Traffic Signal,Clear,"Dark, artificial",Dry,Non-Fatal Injury,Turning Movement,Motorcycle Driver,45 to 49,Major,,West,Motorcycle,Going Ahead,Speed too Fast For Condition,Normal,,,,,,,,,Yes,Yes,,,,,Yes,Yes,,,,25,Glenfield-Jane Heights,25,Glenfield-Jane Heights (25),D31,620665.569336999,4844244.55244479
962,80722595,,11/13/2016 5:00:00 AM,2225,SHEPPARD AVE W,ARLETA AVE,,Major Arterial,Etobicoke York,43.741427,-79.50146,At Intersection,Traffic Signal,Clear,"Dark, artificial",Dry,Non-Fatal Injury,Turning Movement,Driver,50 to 54,None,,West,"Automobile, Station Wagon",Going Ahead,Driving Properly,Normal,,,,,,,,,Yes,Yes,,,,,Yes,Yes,,,,25,Glenfield-Jane Heights,25,Glenfield-Jane Heights (25),D31,620665.569336999,4844244.55244479
963,80772233,,2/19/2017 5:00:00 AM,1057,KIPLING AVE,GARDINER C W KIPLING  RAMP,,Major Arterial,Etobicoke York,43.61912,-79.525974,At Intersection,Traffic Signal,Clear,Daylight,Dry,Non-Fatal Injury,Turning Movement,Driver,35 to 39,None,,North,"Automobile, Station Wagon",Going Ahead,Disobeyed Traffic Control,Inattentive,,,,,,,,,Yes,Yes,,,,Yes,,Yes,Yes,,,159,Etobicoke City Centre,14,Islington-City Centre West (14),D22,618933.041598828,4830625.322961
964,80772234,,2/19/2017 5:00:00 AM,1057,KIPLING AVE,GARDINER C W KIPLING  RAMP,,Major Arterial,Etobicoke York,43.61912,-79.525974,At Intersection,Traffic Signal,Clear,Daylight,Dry,Non-Fatal Injury,Turning Movement,Motorcycle Driver,45 to 49,Major,,West,Motorcycle,Turning Left,Driving Properly,Normal,,,,,,,,,Yes,Yes,,,,Yes,,Yes,Yes,,,159,Etobicoke City Centre,14,Islington-City Centre West (14),D22,618933.041598828,4830625.322961
965,80772235,,2/19/2017 5:00:00 AM,1057,KIPLING AVE,GARDINER C W KIPLING  RAMP,,Major Arterial,Etobicoke York,43.61912,-79.525974,At Intersection,Traffic Signal,Clear,Daylight,Dry,Non-Fatal Injury,Turning Movement,Passenger,10 to 14,None,,,,,,,,,,,,,,,Yes,Yes,,,,Yes,,Yes,Yes,,,159,Etobicoke City Centre,14,Islington-City Centre West (14),D22,618933.041598828,4830625.322961
966,80774590,,4/17/2017 4:00:00 AM,1858,219 MARTIN GROVE RD,,100 m North ,Collector,Etobicoke York,43.654845,-79.551708,Non Intersection,No Control,Clear,Daylight,Dry,Non-Fatal Injury,SMV Other,Motorcycle Driver,15 to 19,Major,,South,Motorcycle,Going Ahead,Lost control,Normal,,,,,,,,,,Yes,,,,,,,,,,158,Islington,14,Islington-City Centre West (14),D22,616787.428981557,4834556.49120813
967,80974086,,4/23/2017 4:00:00 AM,2044,YONGE ST,ERSKINE AVE,,Major Arterial,North York,43.711005,-79.399272,At Intersection,Traffic Controller,Clear,Dusk,Dry,Non-Fatal Injury,Turning Movement,Driver,25 to 29,None,,South,Pick Up Truck,Turning Left,Failed to Yield Right of Way,Unknown,,,,,,,,,Yes,Yes,,,,Yes,,Yes,,,,173,North Toronto,104,Mount Pleasant West (104),D53,628959.299543326,4841019.6591951
968,80974087,,4/23/2017 4:00:00 AM,2044,YONGE ST,ERSKINE AVE,,Major Arterial,North York,43.711005,-79.399272,At Intersection,Traffic Controller,Clear,Dusk,Dry,Non-Fatal Injury,Turning Movement,Motorcycle Driver,50 to 54,Major,,North,Motorcycle,Going Ahead,Driving Properly,Normal,,,,,,,,,Yes,Yes,,,,Yes,,Yes,,,,173,North Toronto,104,Mount Pleasant West (104),D53,628959.299543326,4841019.6591951
969,80974088,,4/23/2017 4:00:00 AM,2044,YONGE ST,ERSKINE AVE,,Major Arterial,North York,43.711005,-79.399272,At Intersection,Traffic Controller,Clear,Dusk,Dry,Non-Fatal Injury,Turning Movement,Motorcycle Passenger,15 to 19,Major,,,,,,,,,,,,,,,Yes,Yes,,,,Yes,,Yes,,,,173,North Toronto,104,Mount Pleasant West (104),D53,628959.299543326,4841019.6591951
970,80741751,,4/26/2017 4:00:00 AM,1857,LESLIE ST,CORNING RD,,Major Arterial,North York,43.781909,-79.366107,At/Near Private Drive,No Control,Clear,Daylight,Dry,Fatal,Angle,Motorcycle Driver,30 to 34,Fatal,20,South,Motorcycle,Going Ahead,Driving Properly,Unknown,,,,,,,,,Yes,Yes,,,,,,Yes,,,,47,Don Valley Village,47,Don Valley Village (47),D33,631475.87144229,4848946.73454226
971,80741773,,4/26/2017 4:00:00 AM,1857,LESLIE ST,CORNING RD,,Major Arterial,North York,43.781909,-79.366107,At/Near Private Drive,No Control,Clear,Daylight,Dry,Fatal,Angle,Driver,45 to 49,Minimal,,East,"Automobile, Station Wagon",Going Ahead,Failed to Yield Right of Way,Normal,,,,,,,,,Yes,Yes,,,,,,Yes,,,,47,Don Valley Village,47,Don Valley Village (47),D33,631475.87144229,4848946.73454226
972,80741775,,5/8/2017 4:00:00 AM,1815,WILSON AVE,WILSON HEIGHTS BLVD,,Major Arterial,North York,43.734515,-79.447238,At Intersection,Traffic Signal,Clear,Daylight,Dry,Fatal,Turning Movement,Motorcycle Driver,25 to 29,Fatal,22,North,Motorcycle,Going Ahead,Driving Properly,Normal,,,,,,,,,Yes,Yes,,,,,,Yes,,,,33,Clanton Park,33,Clanton Park (33),D32,625046.06194968,4843557.27551771
973,80741776,,5/8/2017 4:00:00 AM,1815,WILSON AVE,WILSON HEIGHTS BLVD,,Major Arterial,North York,43.734515,-79.447238,At Intersection,Traffic Signal,Clear,Daylight,Dry,Fatal,Turning Movement,Driver,45 to 49,None,,South,"Automobile, Station Wagon",Turning Left,Failed to Yield Right of Way,Inattentive,,,,,,,,,Yes,Yes,,,,,,Yes,,,,33,Clanton Park,33,Clanton Park (33),D32,625046.06194968,4843557.27551771
974,80903180,,5/15/2017 4:00:00 AM,1315,MEADOWVALE RD,SHEPPARD AV E,37 m South o,Minor Arterial,Scarborough,43.807875,-79.170573,Non Intersection,No Control,Clear,Daylight,Dry,Non-Fatal Injury,Turning Movement,Motorcycle Driver,20 to 24,Major,,South,Motorcycle,Going Ahead,Driving Properly,Normal,,,,,,,,,Yes,Yes,,,,,,Yes,,,,143,West Rouge,131,Rouge (131),D42,647146.510167826,4852159.81688763
975,80903181,,5/15/2017 4:00:00 AM,1315,MEADOWVALE RD,SHEPPARD AV E,37 m South o,Minor Arterial,Scarborough,43.807875,-79.170573,Non Intersection,No Control,Clear,Daylight,Dry,Non-Fatal Injury,Turning Movement,Driver,45 to 49,None,,North,"Automobile, Station Wagon",Turning Left,Failed to Yield Right of Way,Inattentive,,,,,,,,,Yes,Yes,,,,,,Yes,,,,143,West Rouge,131,Rouge (131),D42,647146.510167826,4852159.81688763
976,80783168,,5/28/2017 4:00:00 AM,1345,YONGE ST,YORK MILLS RD,,Major Arterial,North York,43.744078,-79.40668,At Intersection,Traffic Signal,Clear,Daylight,Dry,Non-Fatal Injury,Angle,Driver,40 to 44,Minor,,West,"Automobile, Station Wagon",Going Ahead,Disobeyed Traffic Control,Inattentive,,,,,,,,,Yes,Yes,,,,Yes,,Yes,Yes,,,40,St.Andrew-Windfields,40,St.Andrew-Windfields (40),D32,628291.85793313,4844681.39509376
977,80783169,,5/28/2017 4:00:00 AM,1345,YONGE ST,YORK MILLS RD,,Major Arterial,North York,43.744078,-79.40668,At Intersection,Traffic Signal,Clear,Daylight,Dry,Non-Fatal Injury,Angle,Motorcycle Driver,30 to 34,Major,,South,Motorcycle,Going Ahead,Driving Properly,Normal,,,,,,,,,Yes,Yes,,,,Yes,,Yes,Yes,,,40,St.Andrew-Windfields,40,St.Andrew-Windfields (40),D32,628291.85793313,4844681.39509376
978,80783170,,5/28/2017 4:00:00 AM,1345,YONGE ST,YORK MILLS RD,,Major Arterial,North York,43.744078,-79.40668,At Intersection,Traffic Signal,Clear,Daylight,Dry,Non-Fatal Injury,Angle,Driver,65 to 69,None,,East,"Automobile, Station Wagon",Stopped,Driving Properly,Normal,,,,,,,,,Yes,Yes,,,,Yes,,Yes,Yes,,,40,St.Andrew-Windfields,40,St.Andrew-Windfields (40),D32,628291.85793313,4844681.39509376
979,80783171,,5/28/2017 4:00:00 AM,1345,YONGE ST,YORK MILLS RD,,Major Arterial,North York,43.744078,-79.40668,At Intersection,Traffic Signal,Clear,Daylight,Dry,Non-Fatal Injury,Angle,Driver,55 to 59,None,,East,"Automobile, Station Wagon",Stopped,Driving Properly,Normal,,,,,,,,,Yes,Yes,,,,Yes,,Yes,Yes,,,40,St.Andrew-Windfields,40,St.Andrew-Windfields (40),D32,628291.85793313,4844681.39509376
980,80783172,,5/28/2017 4:00:00 AM,1345,YONGE ST,YORK MILLS RD,,Major Arterial,North York,43.744078,-79.40668,At Intersection,Traffic Signal,Clear,Daylight,Dry,Non-Fatal Injury,Angle,Passenger,65 to 69,None,,,,,,,,,,,,,,,Yes,Yes,,,,Yes,,Yes,Yes,,,40,St.Andrew-Windfields,40,St.Andrew-Windfields (40),D32,628291.85793313,4844681.39509376
981,80783173,,5/28/2017 4:00:00 AM,1345,YONGE ST,YORK MILLS RD,,Major Arterial,North York,43.744078,-79.40668,At Intersection,Traffic Signal,Clear,Daylight,Dry,Non-Fatal Injury,Angle,Passenger,75 to 79,None,,,,,,,,,,,,,,,Yes,Yes,,,,Yes,,Yes,Yes,,,40,St.Andrew-Windfields,40,St.Andrew-Windfields (40),D32,628291.85793313,4844681.39509376
982,80776682,,5/29/2017 4:00:00 AM,1343,OAKWOOD AVE,VAUGHAN RD,,Minor Arterial,Toronto and East York,43.692584,-79.440807,At Intersection,Traffic Signal,Clear,Daylight,Dry,Non-Fatal Injury,Turning Movement,Driver,60 to 64,None,,North,"Automobile, Station Wagon",Turning Left,Improper Turn,Inattentive,,,,,,,,,Yes,Yes,,,,,,,,,,107,Oakwood Village,107,Oakwood Village (107),D13,625651.563999117,4838909.97215359
983,80776683,,5/29/2017 4:00:00 AM,1343,OAKWOOD AVE,VAUGHAN RD,,Minor Arterial,Toronto and East York,43.692584,-79.440807,At Intersection,Traffic Signal,Clear,Daylight,Dry,Non-Fatal Injury,Turning Movement,Motorcycle Driver,35 to 39,Major,,South,Motorcycle,Going Ahead,Driving Properly,Normal,,,,,,,,,Yes,Yes,,,,,,,,,,107,Oakwood Village,107,Oakwood Village (107),D13,625651.563999117,4838909.97215359
984,80777037,,5/30/2017 4:00:00 AM,1750,FRONT ST E,LOWER JARVIS ST,20 m East of,Major Arterial,Toronto and East York,43.649378,-79.371425,At Intersection,Traffic Signal,Rain,Daylight,Wet,Non-Fatal Injury,SMV Other,Motorcycle Driver,30 to 34,Major,,West,Motorcycle,Slowing or Stopping,Speed too Fast For Condition,Inattentive,,,,,,,,,,Yes,,,,,Yes,Yes,,,,166,St Lawrence-East Bayfront-The Islands,77,Waterfront Communities-The Island (77),D51,631337.155249572,4834218.83785195
985,80776331,,6/1/2017 4:00:00 AM,2018,OSSINGTON AVE,DUPONT ST,,Major Arterial,Toronto and East York,43.670024,-79.428981,At Intersection,Traffic Signal,Clear,Daylight,Dry,Non-Fatal Injury,Turning Movement,Driver,30 to 34,None,,North,"Automobile, Station Wagon",Turning Left,Improper Turn,Normal,,,,,,,,,Yes,Yes,,,,,,,,,,172,Dovercourt Village,93,Dovercourt-Wallace Emerson-Junction (93),D14,626652.062163534,4836422.36654035
986,80776332,,6/1/2017 4:00:00 AM,2018,OSSINGTON AVE,DUPONT ST,,Major Arterial,Toronto and East York,43.670024,-79.428981,At Intersection,Traffic Signal,Clear,Daylight,Dry,Non-Fatal Injury,Turning Movement,Motorcycle Driver,25 to 29,Major,,South,Motorcycle,Going Ahead,Driving Properly,Normal,,,,,,,,,Yes,Yes,,,,,,,,,,172,Dovercourt Village,93,Dovercourt-Wallace Emerson-Junction (93),D14,626652.062163534,4836422.36654035
987,80780896,,6/5/2017 4:00:00 AM,1732,KIPLING  AVE,NAMCO  RD,,Major Arterial,Etobicoke York,43.708155,-79.565051,At Intersection,Stop Sign,Clear,Daylight,Dry,Non-Fatal Injury,Angle,Driver,30 to 34,None,,East,"Automobile, Station Wagon",Going Ahead,Failed to Yield Right of Way,Normal,,,,,,,,,Yes,Yes,,,,Yes,,Yes,,,,1,West Humber-Clairville,1,West Humber-Clairville (1),D23,615609.034189851,4840458.57941863
988,80780897,,6/5/2017 4:00:00 AM,1732,KIPLING  AVE,NAMCO  RD,,Major Arterial,Etobicoke York,43.708155,-79.565051,At Intersection,Stop Sign,Clear,Daylight,Dry,Non-Fatal Injury,Angle,Motorcycle Driver,60 to 64,Major,,South,Motorcycle,Going Ahead,Driving Properly,Normal,,,,,,,,,Yes,Yes,,,,Yes,,Yes,,,,1,West Humber-Clairville,1,West Humber-Clairville (1),D23,615609.034189851,4840458.57941863
989,80780898,,6/5/2017 4:00:00 AM,1732,KIPLING  AVE,NAMCO  RD,,Major Arterial,Etobicoke York,43.708155,-79.565051,At Intersection,Stop Sign,Clear,Daylight,Dry,Non-Fatal Injury,Angle,Passenger,55 to 59,None,,,,,,,,,,,,,,,Yes,Yes,,,,Yes,,Yes,,,,1,West Humber-Clairville,1,West Humber-Clairville (1),D23,615609.034189851,4840458.57941863
990,80771191,,6/6/2017 4:00:00 AM,825,BAYVIEW AVE,POTTERY RD,3 m South of,Major Arterial,North York,43.688643,-79.36375,Non Intersection,No Control,Rain,Daylight,Wet,Non-Fatal Injury,SMV Other,Motorcycle Driver,25 to 29,Major,,South,Motorcycle,Slowing or Stopping,Lost control,Normal,,,,,,,,,,Yes,,,,,,,,,,56,Leaside-Bennington,56,Leaside-Bennington (56),D53,631870.09957715,4838591.92166567
991,81338080,,6/10/2017 4:00:00 AM,1404,FINCH  AVE E,PHARMACY AVE,233 m East o,Major Arterial,Scarborough,43.794886,-79.323169,Non Intersection,No Control,Clear,Daylight,Dry,Non-Fatal Injury,Pedestrian Collisions,Motorcycle Driver,25 to 29,Minor,,East,Motorcycle,Going Ahead,Exceeding Speed Limit,Inattentive,,,,,,,Yes,,,Yes,,,,,Yes,Yes,,,,147,L'Amoreaux West,117,L'Amoreaux (117),D42,634901.837601038,4850457.12423921
992,81338081,,6/10/2017 4:00:00 AM,1404,FINCH  AVE E,PHARMACY AVE,233 m East o,Major Arterial,Scarborough,43.794886,-79.323169,Non Intersection,No Control,Clear,Daylight,Dry,Non-Fatal Injury,Pedestrian Collisions,Pedestrian,60 to 64,Major,,North,,,,,Pedestrian hit at mid-block,"Crossing, no Traffic Control",Normal,,,,Yes,,,Yes,,,,,Yes,Yes,,,,147,L'Amoreaux West,117,L'Amoreaux (117),D42,634901.837601038,4850457.12423921
993,80787797,,6/11/2017 4:00:00 AM,1922,1755 LAKE SHORE BLVD W,,9 m North of,Major Arterial,Toronto and East York,43.637885,-79.457416,Non Intersection,No Control,Clear,Daylight,Dry,Non-Fatal Injury,Sideswipe,Truck Driver,25 to 29,None,,East,"Truck - Closed (Blazer, etc)",Changing Lanes,Improper Passing,Inattentive,,,,,,,,,,Yes,Yes,,,,,Yes,,,,85,South Parkdale,85,South Parkdale (85),D11,624426.028908052,4832809.89316806
994,80787798,,6/11/2017 4:00:00 AM,1922,1755 LAKE SHORE BLVD W,,9 m North of,Major Arterial,Toronto and East York,43.637885,-79.457416,Non Intersection,No Control,Clear,Daylight,Dry,Non-Fatal Injury,Sideswipe,Motorcycle Driver,20 to 24,Major,,East,Motorcycle,Going Ahead,Driving Properly,Normal,,,,,,,,,,Yes,Yes,,,,,Yes,,,,85,South Parkdale,85,South Parkdale (85),D11,624426.028908052,4832809.89316806
995,80786664,,6/13/2017 4:00:00 AM,1505,BURNHAMTHORPE RD,MARTIN GROVE RD,25 m West of,Major Arterial,Etobicoke York,43.648734,-79.548938,Intersection Related,No Control,Clear,Daylight,Dry,Non-Fatal Injury,Rear End,Motorcycle Driver,20 to 24,Major,,West,Motorcycle,Going Ahead,Other,Inattentive,,,,,,,,,Yes,Yes,,,,Yes,,,,,,158,Islington,14,Islington-City Centre West (14),D22,617022.665562911,4833881.68913503
996,80786665,,6/13/2017 4:00:00 AM,1505,BURNHAMTHORPE RD,MARTIN GROVE RD,25 m West of,Major Arterial,Etobicoke York,43.648734,-79.548938,Intersection Related,No Control,Clear,Daylight,Dry,Non-Fatal Injury,Rear End,Driver,60 to 64,None,,West,"Automobile, Station Wagon",Stopped,Driving Properly,Normal,,,,,,,,,Yes,Yes,,,,Yes,,,,,,158,Islington,14,Islington-City Centre West (14),D22,617022.665562911,4833881.68913503
997,80786666,,6/13/2017 4:00:00 AM,1505,BURNHAMTHORPE RD,MARTIN GROVE RD,25 m West of,Major Arterial,Etobicoke York,43.648734,-79.548938,Intersection Related,No Control,Clear,Daylight,Dry,Non-Fatal Injury,Rear End,Passenger,70 to 74,None,,,,,,,,,,,,,,,Yes,Yes,,,,Yes,,,,,,158,Islington,14,Islington-City Centre West (14),D22,617022.665562911,4833881.68913503
998,80771452,,6/13/2017 4:00:00 AM,2001,DON VALLEY PARKWAY  N,EGLINTON AVE E,80 m North o,,North York,43.725211,-79.330257,Non Intersection,No Control,Clear,Daylight,Dry,Non-Fatal Injury,Sideswipe,Motorcycle Driver,25 to 29,Major,,North,Motorcycle,Changing Lanes,Lost control,Normal,,,,,,,,,Yes,Yes,,,,,,Yes,,,,42,Banbury-Don Mills,42,Banbury-Don Mills (42),D33,634487.62061867,4842707.12675804
999,80771453,,6/13/2017 4:00:00 AM,2001,DON VALLEY PARKWAY  N,EGLINTON AVE E,80 m North o,,North York,43.725211,-79.330257,Non Intersection,No Control,Clear,Daylight,Dry,Non-Fatal Injury,Sideswipe,Driver,20 to 24,None,,North,"Automobile, Station Wagon",Going Ahead,Driving Properly,Normal,,,,,,,,,Yes,Yes,,,,,,Yes,,,,42,Banbury-Don Mills,42,Banbury-Don Mills (42),D33,634487.62061867,4842707.12675804
1000,80771454,,6/13/2017 4:00:00 AM,2001,DON VALLEY PARKWAY  N,EGLINTON AVE E,80 m North o,,North York,43.725211,-79.330257,Non Intersection,No Control,Clear,Daylight,Dry,Non-Fatal Injury,Sideswipe,Driver,25 to 29,None,,North,"Automobile, Station Wagon",Going Ahead,Driving Properly,Normal,,,,,,,,,Yes,Yes,,,,,,Yes,,,,42,Banbury-Don Mills,42,Banbury-Don Mills (42),D33,634487.62061867,4842707.12675804
1001,80771676,,6/16/2017 4:00:00 AM,21,LAKE SHORE BLVD E,CARLAW AVE,,Major Arterial,Toronto and East York,43.654887,-79.337398,At Intersection,Traffic Signal,Clear,"Dark, artificial",Dry,Non-Fatal Injury,Turning Movement,Driver,35 to 39,None,,East,"Automobile, Station Wagon",Turning Left,Improper Turn,Normal,,,,,,,,,Yes,Yes,,,,Yes,,,,,,70,South Riverdale,70,South Riverdale (70),D55,634069.049633108,4834885.10165894
1002,80771677,,6/16/2017 4:00:00 AM,21,LAKE SHORE BLVD E,CARLAW AVE,,Major Arterial,Toronto and East York,43.654887,-79.337398,At Intersection,Traffic Signal,Clear,"Dark, artificial",Dry,Non-Fatal Injury,Turning Movement,Motorcycle Driver,25 to 29,Major,,West,Motorcycle,Going Ahead,Driving Properly,Normal,,,,,,,,,Yes,Yes,,,,Yes,,,,,,70,South Riverdale,70,South Riverdale (70),D55,634069.049633108,4834885.10165894
1003,80771678,,6/16/2017 4:00:00 AM,21,LAKE SHORE BLVD E,CARLAW AVE,,Major Arterial,Toronto and East York,43.654887,-79.337398,At Intersection,Traffic Signal,Clear,"Dark, artificial",Dry,Non-Fatal Injury,Turning Movement,Motorcycle Passenger,25 to 29,Major,,,,,,,,,,,,,,,Yes,Yes,,,,Yes,,,,,,70,South Riverdale,70,South Riverdale (70),D55,634069.049633108,4834885.10165894
1004,80770311,,6/19/2017 4:00:00 AM,1543,MARKHAM RD,PROGRESS AVE,,Major Arterial,Scarborough,43.781672,-79.233852,At Intersection,Traffic Signal,Clear,Daylight,Dry,Non-Fatal Injury,Turning Movement,Motorcycle Driver,20 to 24,Major,,South,Motorcycle,Turning Left,Improper Turn,Inattentive,,,,,,,,,Yes,Yes,,,,,,,,,,142,Woburn North,137,Woburn (137),D43,642118.82823535,4849138.96235223