OBJECTID,INDEX,ACCNUM,DATE,TIME,STREET1,STREET2,OFFSET,ROAD_CLASS,DISTRICT,LATITUDE,LONGITUDE,ACCLOC,TRAFFCTL,VISIBILITY,LIGHT,RDSFCOND,ACCLASS,IMPACTYPE,INVTYPE,INVAGE,INJURY,FATAL_NO,INITDIR,VEHTYPE,MANOEUVER,DRIVACT,DRIVCOND,PEDTYPE,PEDACT,PEDCOND,CYCLISTYPE,CYCACT,CYCCOND,PEDESTRIAN,CYCLIST,AUTOMOBILE,MOTORCYCLE,TRUCK,TRSN_CITY_VEH,EMERG_VEH,PASSENGER,SPEEDING,AG_DRIV,REDLIGHT,ALCOHOL,DISABILITY,HOOD_158,NEIGHBOURHOOD_158,HOOD_140,NEIGHBOURHOOD_140,DIVISION,x,y
1404,81543104,1000885495,5/13/2021 4:00:00 AM,1902,ATTWELL DR,BELFIELD  RD,,Minor Arterial,Etobicoke York,43.697772,-79.593143,At Intersection,Traffic Signal,Clear,Daylight,Dry,Non-Fatal Injury,Turning Movement,Motorcycle Driver,60 to 64,Major,,South,Motorcycle,Going Ahead,Driving Properly,Unknown,,,,,,,,,Yes,Yes,,,,,,Yes,,,,1,West Humber-Clairville,1,West Humber-Clairville (1),D23,613365.307854891,4839266.61469151
1405,81543369,1000885795,5/13/2021 4:00:00 AM,1949,SIXTH ST,BIRMINGHAM  ST,9 m North of,Collector,Etobicoke York,43.603434,-79.505153,At Intersection,No Control,Clear,Daylight,Dry,Non-Fatal Injury,Angle,Motorcycle Driver,45 to 49,Major,,East,Motorcycle,Going Ahead,Driving Properly,Normal,,,,,,,,,,Yes,,,,Yes,,,,,,18,New Toronto,18,New Toronto (18),D22,620644.374404848,4828913.23616608
1406,81543370,1000885795,5/13/2021 4:00:00 AM,1949,SIXTH ST,BIRMINGHAM  ST,9 m North of,Collector,Etobicoke York,43.603434,-79.505153,At Intersection,No Control,Clear,Daylight,Dry,Non-Fatal Injury,Angle,Motorcycle Passenger,30 to 34,Minor,,,,,,,,,,,,,,,,Yes,,,,Yes,,,,,,18,New Toronto,18,New Toronto (18),D22,620644.374404848,4828913.23616608
1407,81545768,1000887036,5/13/2021 4:00:00 AM,2353,GRAVENHURST AVE,CHALKFARM DR,,Collector,Etobicoke York,43.727954,-79.513789,Intersection Related,Stop Sign,Clear,"Dark, artificial",Dry,Non-Fatal Injury,SMV Other,Motorcycle Driver,40 to 44,Major,,East,Motorcycle,Going Ahead,Lost control,Unknown,,,,,,,,,,Yes,,,,,,Yes,,,,154,Oakdale-Beverley Heights,26,Downsview-Roding-CFB (26),D31,619699.644243603,4842730.30028655
1408,81576765,1000937200,5/20/2021 4:00:00 AM,2014,BLOOR ST W,JANE ST,20 m North o,Major Arterial,Etobicoke York,43.64926,-79.484439,At Intersection,Traffic Signal,Clear,"Dark, artificial",Dry,Non-Fatal Injury,SMV Other,Motorcycle Driver,50 to 54,Major,,East,Motorcycle,Turning Left,Lost control,Inattentive,,,,,,,,,,Yes,,,,,,,,,,87,High Park-Swansea,87,High Park-Swansea (87),D11,622223.243768317,4834033.07856054
1409,81577000,1000999578,5/29/2021 4:00:00 AM,2040,LAKE SHORE  BLVD W,YORK  ST,,Major Arterial,Toronto and East York,43.641387,-79.380832,At Intersection,Traffic Signal,Clear,"Dusk, artificial",Dry,Non-Fatal Injury,Pedestrian Collisions,Motorcycle Driver,35 to 39,Major,,West,Motorcycle,Going Ahead,Driving Properly,Normal,,,,,,,Yes,,,Yes,,,,,,,,,,166,St Lawrence-East Bayfront-The Islands,77,Waterfront Communities-The Island (77),D52,630595.830570113,4833316.48808908
1410,81577001,1000999578,5/29/2021 4:00:00 AM,2040,LAKE SHORE  BLVD W,YORK  ST,,Major Arterial,Toronto and East York,43.641387,-79.380832,At Intersection,Traffic Signal,Clear,"Dusk, artificial",Dry,Non-Fatal Injury,Pedestrian Collisions,Pedestrian,25 to 29,Major,,North,,,,,Vehicle is going straight thru inter.while ped cross without ROW,Crossing without right of way,Inattentive,,,,Yes,,,Yes,,,,,,,,,,166,St Lawrence-East Bayfront-The Islands,77,Waterfront Communities-The Island (77),D52,630595.830570113,4833316.48808908
1411,81583370,1001004435,5/30/2021 4:00:00 AM,1610,LAING ST,QUEEN ST E,,Minor Arterial,Toronto and East York,43.663836,-79.327312,At Intersection,Stop Sign,Clear,Daylight,Dry,Non-Fatal Injury,Turning Movement,Driver,20 to 24,None,,North,"Automobile, Station Wagon",Turning Left,Failed to Yield Right of Way,Inattentive,,,,,,,,,Yes,Yes,,,,Yes,,Yes,,,,65,Greenwood-Coxwell,65,Greenwood-Coxwell (65),D55,634862.337280441,4835895.35432195
1412,81583371,1001004435,5/30/2021 4:00:00 AM,1610,LAING ST,QUEEN ST E,,Minor Arterial,Toronto and East York,43.663836,-79.327312,At Intersection,Stop Sign,Clear,Daylight,Dry,Non-Fatal Injury,Turning Movement,Motorcycle Driver,40 to 44,Major,,East,Motorcycle,Going Ahead,Driving Properly,Unknown,,,,,,,,,Yes,Yes,,,,Yes,,Yes,,,,65,Greenwood-Coxwell,65,Greenwood-Coxwell (65),D55,634862.337280441,4835895.35432195
1413,81583372,1001004435,5/30/2021 4:00:00 AM,1610,LAING ST,QUEEN ST E,,Minor Arterial,Toronto and East York,43.663836,-79.327312,At Intersection,Stop Sign,Clear,Daylight,Dry,Non-Fatal Injury,Turning Movement,Passenger,40 to 44,None,,,,,,,,,,,,,,,Yes,Yes,,,,Yes,,Yes,,,,65,Greenwood-Coxwell,65,Greenwood-Coxwell (65),D55,634862.337280441,4835895.35432195
1414,81583373,1001004435,5/30/2021 4:00:00 AM,1610,LAING ST,QUEEN ST E,,Minor Arterial,Toronto and East York,43.663836,-79.327312,At Intersection,Stop Sign,Clear,Daylight,Dry,Non-Fatal Injury,Turning Movement,Passenger,20 to 24,None,,,,,,,,,,,,,,,Yes,Yes,,,,Yes,,Yes,,,,65,Greenwood-Coxwell,65,Greenwood-Coxwell (65),D55,634862.337280441,4835895.35432195
1415,81579333,1001013918,5/31/2021 4:00:00 AM,2240,DON VALLEY PARKWAY  S,DON MILLS RD,,Expressway,North York,43.698252,-79.340442,Non Intersection,No Control,Clear,"Dark, artificial",Dry,Fatal,SMV Other,Motorcycle Passenger,35 to 39,Fatal,9,,,,,,,,,,,,,,,Yes,,,,Yes,,,,,,58,Old East York,58,Old East York (58),D55,633727.219120321,4839696.46488508
1416,81579334,1001013918,5/31/2021 4:00:00 AM,2240,DON VALLEY PARKWAY  S,DON MILLS RD,,Expressway,North York,43.698252,-79.340442,Non Intersection,No Control,Clear,"Dark, artificial",Dry,Fatal,SMV Other,Motorcycle Driver,35 to 39,Major,,South,Motorcycle,Changing Lanes,Lost control,Unknown,,,,,,,,,,Yes,,,,Yes,,,,,,58,Old East York,58,Old East York (58),D55,633727.219120321,4839696.46488508
1417,81579337,1001013918,5/31/2021 4:00:00 AM,2240,DON VALLEY PARKWAY  S,DON MILLS RD,,Expressway,North York,43.698252,-79.340442,Non Intersection,No Control,Clear,"Dark, artificial",Dry,Fatal,SMV Other,Motorcycle Driver,40 to 44,Major,,South,Motorcycle,Changing Lanes,Lost control,Unknown,,,,,,,,,,Yes,,,,Yes,,,,,,58,Old East York,58,Old East York (58),D55,633727.219120321,4839696.46488508
1418,81578173,1001036123,6/3/2021 4:00:00 AM,2332,1651 ELLESMERE RD,,,Major Arterial,Scarborough,43.772353,-79.25027,At/Near Private Drive,Yield Sign,Clear,"Dark, artificial",Dry,Non-Fatal Injury,Turning Movement,Driver,20 to 24,None,,South,"Automobile, Station Wagon",Turning Left,Improper Turn,Inattentive,,,,,,,,,Yes,Yes,,,,Yes,,,,,,142,Woburn North,137,Woburn (137),D43,640819.560189566,4848075.88537701
1419,81578174,1001036123,6/3/2021 4:00:00 AM,2332,1651 ELLESMERE RD,,,Major Arterial,Scarborough,43.772353,-79.25027,At/Near Private Drive,Yield Sign,Clear,"Dark, artificial",Dry,Non-Fatal Injury,Turning Movement,Motorcycle Driver,15 to 19,Major,,West,Motorcycle,Going Ahead,Driving Properly,Normal,,,,,,,,,Yes,Yes,,,,Yes,,,,,,142,Woburn North,137,Woburn (137),D43,640819.560189566,4848075.88537701
1420,81578175,1001036123,6/3/2021 4:00:00 AM,2332,1651 ELLESMERE RD,,,Major Arterial,Scarborough,43.772353,-79.25027,At/Near Private Drive,Yield Sign,Clear,"Dark, artificial",Dry,Non-Fatal Injury,Turning Movement,Passenger,20 to 24,None,,,,,,,,,,,,,,,Yes,Yes,,,,Yes,,,,,,142,Woburn North,137,Woburn (137),D43,640819.560189566,4848075.88537701
1421,81578176,1001036123,6/3/2021 4:00:00 AM,2332,1651 ELLESMERE RD,,,Major Arterial,Scarborough,43.772353,-79.25027,At/Near Private Drive,Yield Sign,Clear,"Dark, artificial",Dry,Non-Fatal Injury,Turning Movement,Passenger,20 to 24,None,,,,,,,,,,,,,,,Yes,Yes,,,,Yes,,,,,,142,Woburn North,137,Woburn (137),D43,640819.560189566,4848075.88537701
1422,81578177,1001036123,6/3/2021 4:00:00 AM,2332,1651 ELLESMERE RD,,,Major Arterial,Scarborough,43.772353,-79.25027,At/Near Private Drive,Yield Sign,Clear,"Dark, artificial",Dry,Non-Fatal Injury,Turning Movement,Passenger,20 to 24,None,,,,,,,,,,,,,,,Yes,Yes,,,,Yes,,,,,,142,Woburn North,137,Woburn (137),D43,640819.560189566,4848075.88537701
1423,81576469,1001046834,6/5/2021 4:00:00 AM,1246,PARK LAWN RD,LAKE SHORE BLVD W,13 m  of,Major Arterial,Etobicoke York,43.622897,-79.481166,At Intersection,Traffic Signal,Clear,Daylight,Dry,Non-Fatal Injury,Turning Movement,Motorcycle Driver,30 to 34,Major,,North,Motorcycle,Turning Right,Disobeyed Traffic Control,Unknown,,,,,,,,,,Yes,Yes,,,,,Yes,Yes,,,161,Humber Bay Shores,17,Mimico (includes Humber Bay Shores) (17),D22,622540.772323913,4831109.96086085
1424,81576470,1001046834,6/5/2021 4:00:00 AM,1246,PARK LAWN RD,LAKE SHORE BLVD W,13 m  of,Major Arterial,Etobicoke York,43.622897,-79.481166,At Intersection,Traffic Signal,Clear,Daylight,Dry,Non-Fatal Injury,Turning Movement,Truck Driver,20 to 24,None,,South,Truck-Tractor,Turning Left,Driving Properly,Normal,,,,,,,,,,Yes,Yes,,,,,Yes,Yes,,,161,Humber Bay Shores,17,Mimico (includes Humber Bay Shores) (17),D22,622540.772323913,4831109.96086085
1425,81578876,1001050520,6/5/2021 4:00:00 AM,2159,QUEEN ST W,BAY ST,50 m West of,Major Arterial,Toronto and East York,43.65161,-79.382747,Non Intersection,No Control,Clear,"Dark, artificial",Dry,Non-Fatal Injury,Rear End,Driver,15 to 19,None,,East,"Automobile, Station Wagon",Going Ahead,Following too Close,Inattentive,,,,,,,,,Yes,Yes,,,,Yes,,Yes,,,,170,Yonge-Bay Corridor,76,Bay Street Corridor (76),D52,630419.246666403,4834448.87411404
1426,81578877,1001050520,6/5/2021 4:00:00 AM,2159,QUEEN ST W,BAY ST,50 m West of,Major Arterial,Toronto and East York,43.65161,-79.382747,Non Intersection,No Control,Clear,"Dark, artificial",Dry,Non-Fatal Injury,Rear End,Motorcycle Driver,40 to 44,Minimal,,East,Motorcycle,Going Ahead,Driving Properly,Normal,,,,,,,,,Yes,Yes,,,,Yes,,Yes,,,,170,Yonge-Bay Corridor,76,Bay Street Corridor (76),D52,630419.246666403,4834448.87411404
1427,81578878,1001050520,6/5/2021 4:00:00 AM,2159,QUEEN ST W,BAY ST,50 m West of,Major Arterial,Toronto and East York,43.65161,-79.382747,Non Intersection,No Control,Clear,"Dark, artificial",Dry,Non-Fatal Injury,Rear End,Passenger,15 to 19,None,,,,,,,,,,,,,,,Yes,Yes,,,,Yes,,Yes,,,,170,Yonge-Bay Corridor,76,Bay Street Corridor (76),D52,630419.246666403,4834448.87411404
1428,81578879,1001050520,6/5/2021 4:00:00 AM,2159,QUEEN ST W,BAY ST,50 m West of,Major Arterial,Toronto and East York,43.65161,-79.382747,Non Intersection,No Control,Clear,"Dark, artificial",Dry,Non-Fatal Injury,Rear End,Motorcycle Passenger,30 to 34,Major,,,,,,,,,,,,,,,Yes,Yes,,,,Yes,,Yes,,,,170,Yonge-Bay Corridor,76,Bay Street Corridor (76),D52,630419.246666403,4834448.87411404
1429,81604086,1001050592,6/5/2021 4:00:00 AM,2211,DON VALLEY PY S,EASTERN AVE DN,16 m North o,Major Arterial,Toronto and East York,43.656638,-79.352527,Intersection Related,Traffic Signal,Clear,"Dark, artificial",Loose Sand or Gravel,Non-Fatal Injury,SMV Other,Motorcycle Driver,20 to 24,Major,,South,Motorcycle,Going Ahead,Improper Passing,Unknown,,,,,,,,,Yes,Yes,,,,,Yes,Yes,,,,70,South Riverdale,70,South Riverdale (70),D55,632845.201101972,4835055.23981772
1430,81604087,1001050592,6/5/2021 4:00:00 AM,2211,DON VALLEY PY S,EASTERN AVE DN,16 m North o,Major Arterial,Toronto and East York,43.656638,-79.352527,Intersection Related,Traffic Signal,Clear,"Dark, artificial",Loose Sand or Gravel,Non-Fatal Injury,SMV Other,Driver,20 to 24,None,,South,"Automobile, Station Wagon",Going Ahead,Driving Properly,Normal,,,,,,,,,Yes,Yes,,,,,Yes,Yes,,,,70,South Riverdale,70,South Riverdale (70),D55,632845.201101972,4835055.23981772
1431,81578230,1001078704,6/9/2021 4:00:00 AM,1945,F G GARDINER XY  W,YORK ST,14 m East of,Expressway,Toronto and East York,43.64173,-79.380687,Non Intersection,No Control,Clear,Daylight,Dry,Non-Fatal Injury,SMV Other,Motorcycle Driver,35 to 39,Major,,West,Motorcycle,Going Ahead,Exceeding Speed Limit,Normal,,,,,,,,,,Yes,,,,,Yes,Yes,,,,166,St Lawrence-East Bayfront-The Islands,77,Waterfront Communities-The Island (77),D52,630606.78259796,4833354.81085149
1432,81577413,1001142501,6/18/2021 4:00:00 AM,1725,720 ARROW RD,,,Minor Arterial,North York,43.747069,-79.529887,Non Intersection,No Control,Clear,Daylight,Dry,Fatal,Approaching,Motorcycle Driver,60 to 64,Fatal,18,South,Motorcycle,Going Ahead,Improper Passing,Unknown,,,,,,,,,Yes,Yes,,,,,,Yes,,,,22,Humbermede,22,Humbermede (22),D31,618365.431056119,4844830.16845195
1433,81577414,1001142501,6/18/2021 4:00:00 AM,1725,720 ARROW RD,,,Minor Arterial,North York,43.747069,-79.529887,Non Intersection,No Control,Clear,Daylight,Dry,Fatal,Approaching,Driver,30 to 34,None,,North,"Automobile, Station Wagon",Going Ahead,Driving Properly,Normal,,,,,,,,,Yes,Yes,,,,,,Yes,,,,22,Humbermede,22,Humbermede (22),D31,618365.431056119,4844830.16845195
1434,81577415,1001142501,6/18/2021 4:00:00 AM,1725,720 ARROW RD,,,Minor Arterial,North York,43.747069,-79.529887,Non Intersection,No Control,Clear,Daylight,Dry,Fatal,Approaching,Driver,65 to 69,None,,North,"Automobile, Station Wagon",Going Ahead,Driving Properly,Normal,,,,,,,,,Yes,Yes,,,,,,Yes,,,,22,Humbermede,22,Humbermede (22),D31,618365.431056119,4844830.16845195
1435,81577644,1001151188,6/19/2021 4:00:00 AM,2219,LAKE SHORE BLVD W,FORTY SECOND ST,,Major Arterial,Etobicoke York,43.589678,-79.545596,At Intersection,Stop Sign,Clear,"Dark, artificial",Dry,Fatal,Turning Movement,Driver,30 to 34,None,,North,"Automobile, Station Wagon",Turning Left,Driving Properly,Normal,,,,,,,,,Yes,Yes,,,,,,,,,,19,Long Branch,19,Long Branch (19),D22,617407.068308353,4827327.52172104
1436,81577653,1001151188,6/19/2021 4:00:00 AM,2219,LAKE SHORE BLVD W,FORTY SECOND ST,,Major Arterial,Etobicoke York,43.589678,-79.545596,At Intersection,Stop Sign,Clear,"Dark, artificial",Dry,Fatal,Turning Movement,Motorcycle Driver,35 to 39,Fatal,10,East,Motorcycle,Going Ahead,Other,Unknown,,,,,,,,,Yes,Yes,,,,,,,,,,19,Long Branch,19,Long Branch (19),D22,617407.068308353,4827327.52172104
1437,81577656,1001195784,6/26/2021 4:00:00 AM,1004,HUNTINGWOOD DR,COLINAYRE CRES,,Minor Arterial,Scarborough,43.794505,-79.295528,At Intersection,No Control,Clear,Daylight,Dry,Fatal,SMV Other,Motorcycle Driver,55 to 59,Fatal,13,East,Motorcycle,Going Ahead,Lost control,Unknown,,,,,,,,,,Yes,,,,,,,,,,118,Tam O'Shanter-Sullivan,118,Tam O'Shanter-Sullivan (118),D42,637126.463842083,4850460.23366377
1438,81578797,1001246886,7/3/2021 4:00:00 AM,1440,RIPLEY AV,SOUTH KINGSWAY,4 m South of,Minor Arterial,Toronto and East York,43.636767,-79.475078,At Intersection,Stop Sign,Clear,Daylight,Dry,Non-Fatal Injury,Turning Movement,Driver,55 to 59,None,,South,"Automobile, Station Wagon",Turning Left,Improper Turn,Inattentive,,,,,,,,,Yes,Yes,,,,,,,,,,87,High Park-Swansea,87,High Park-Swansea (87),D11,623003.666132642,4832659.40102526
1439,81578798,1001246886,7/3/2021 4:00:00 AM,1440,RIPLEY AV,SOUTH KINGSWAY,4 m South of,Minor Arterial,Toronto and East York,43.636767,-79.475078,At Intersection,Stop Sign,Clear,Daylight,Dry,Non-Fatal Injury,Turning Movement,Motorcycle Driver,45 to 49,Major,,North,Motorcycle,Going Ahead,Driving Properly,Normal,,,,,,,,,Yes,Yes,,,,,,,,,,87,High Park-Swansea,87,High Park-Swansea (87),D11,623003.666132642,4832659.40102526
1440,81577648,1001250737,7/4/2021 4:00:00 AM,325,SHEPPARD AVE W,WILLIAM R ALLEN RD,,Major Arterial,North York,43.750273,-79.465404,Non Intersection,No Control,Clear,Dark,Dry,Fatal,SMV Other,Motorcycle Driver,30 to 34,Fatal,16,East,Motorcycle,Going Ahead,Lost control,Inattentive,,,,,,,,,,Yes,,,,,,,,,,155,Downsview,26,Downsview-Roding-CFB (26),D32,623550.69794961,4845280.17598893
1441,81579342,1001428194,7/29/2021 4:00:00 AM,1522,751 KIPLING AVE,,JUTLAND RD,Major Arterial,Etobicoke York,43.627307,-79.529269,At/Near Private Drive,No Control,Clear,Daylight,Dry,Fatal,Turning Movement,Motorcycle Driver,35 to 39,Fatal,23,North,Motorcycle,Going Ahead,Exceeding Speed Limit,Unknown,,,,,,,,,Yes,Yes,,,,,Yes,Yes,,,,159,Etobicoke City Centre,14,Islington-City Centre West (14),D22,618651.073344662,4831529.8753391
1442,81579345,1001428194,7/29/2021 4:00:00 AM,1522,751 KIPLING AVE,,JUTLAND RD,Major Arterial,Etobicoke York,43.627307,-79.529269,At/Near Private Drive,No Control,Clear,Daylight,Dry,Fatal,Turning Movement,Driver,15 to 19,None,,West,"Automobile, Station Wagon",Turning Left,Failed to Yield Right of Way,Inattentive,,,,,,,,,Yes,Yes,,,,,Yes,Yes,,,,159,Etobicoke City Centre,14,Islington-City Centre West (14),D22,618651.073344662,4831529.8753391
1443,81579810,1001438929,7/31/2021 4:00:00 AM,36,F G GARDINER XY E,LOWER JARVIS ST,30 m West of,Expressway,Toronto and East York,43.645636,-79.370395,Non Intersection,No Control,Clear,"Dark, artificial",Dry,Non-Fatal Injury,Rear End,Motorcycle Driver,35 to 39,Major,,East,Motorcycle,Going Ahead,Speed too Fast For Condition,Inattentive,,,,,,,,,Yes,Yes,,,,Yes,Yes,Yes,,,,166,St Lawrence-East Bayfront-The Islands,77,Waterfront Communities-The Island (77),D51,631428.381854276,4833804.87041473
1444,81579811,1001438929,7/31/2021 4:00:00 AM,36,F G GARDINER XY E,LOWER JARVIS ST,30 m West of,Expressway,Toronto and East York,43.645636,-79.370395,Non Intersection,No Control,Clear,"Dark, artificial",Dry,Non-Fatal Injury,Rear End,Driver,50 to 54,None,,East,"Automobile, Station Wagon",Going Ahead,Driving Properly,Normal,,,,,,,,,Yes,Yes,,,,Yes,Yes,Yes,,,,166,St Lawrence-East Bayfront-The Islands,77,Waterfront Communities-The Island (77),D51,631428.381854276,4833804.87041473
1445,81579812,1001438929,7/31/2021 4:00:00 AM,36,F G GARDINER XY E,LOWER JARVIS ST,30 m West of,Expressway,Toronto and East York,43.645636,-79.370395,Non Intersection,No Control,Clear,"Dark, artificial",Dry,Non-Fatal Injury,Rear End,Passenger,50 to 54,None,,East,"Automobile, Station Wagon",Going Ahead,,,,,,,,,,,Yes,Yes,,,,Yes,Yes,Yes,,,,166,St Lawrence-East Bayfront-The Islands,77,Waterfront Communities-The Island (77),D51,631428.381854276,4833804.87041473
1446,81579813,1001438929,7/31/2021 4:00:00 AM,36,F G GARDINER XY E,LOWER JARVIS ST,30 m West of,Expressway,Toronto and East York,43.645636,-79.370395,Non Intersection,No Control,Clear,"Dark, artificial",Dry,Non-Fatal Injury,Rear End,Passenger,15 to 19,None,,East,"Automobile, Station Wagon",Going Ahead,,,,,,,,,,,Yes,Yes,,,,Yes,Yes,Yes,,,,166,St Lawrence-East Bayfront-The Islands,77,Waterfront Communities-The Island (77),D51,631428.381854276,4833804.87041473
1447,81651315,1001452685,8/2/2021 4:00:00 AM,530,WESTON RD,ROGERS RD,38 m South o,Major Arterial ,Toronto and East York,43.681319,-79.476459,At/Near Private Drive,No Control,Clear,"Dawn, artificial",Dry,Non-Fatal Injury,Turning Movement,Driver,70 to 74,None,,North,"Automobile, Station Wagon",Turning Left,Improper Turn,Normal,,,,,,,,,Yes,Yes,,,,,Yes,Yes,,,,111,Rockcliffe-Smythe,111,Rockcliffe-Smythe (111),D12,622801.41536114,4837605.43553742
1448,81651316,1001452685,8/2/2021 4:00:00 AM,530,WESTON RD,ROGERS RD,38 m South o,Major Arterial ,Toronto and East York,43.681319,-79.476459,At/Near Private Drive,No Control,Clear,"Dawn, artificial",Dry,Non-Fatal Injury,Turning Movement,Motorcycle Driver,35 to 39,Major,,South,Motorcycle,Going Ahead,Exceeding Speed Limit,Normal,,,,,,,,,Yes,Yes,,,,,Yes,Yes,,,,111,Rockcliffe-Smythe,111,Rockcliffe-Smythe (111),D12,622801.41536114,4837605.43553742
1449,81579346,1001479611,8/5/2021 4:00:00 AM,2302,DUFFERIN ST,RANEE AVE,,Major Arterial,North York,43.721545,-79.456371,At Intersection,Traffic Signal,Clear,"Dark, artificial",Dry,Fatal,Turning Movement,Motorcycle Driver,15 to 19,Fatal,24,North,Motorcycle,Going Ahead,Disobeyed Traffic Control,Unknown,,,,,,,,,Yes,Yes,,,,,,Yes,Yes,Yes,,31,Yorkdale-Glen Park,31,Yorkdale-Glen Park (31),D32,624337.395311497,4842103.02859866
1450,81579347,1001479611,8/5/2021 4:00:00 AM,2302,DUFFERIN ST,RANEE AVE,,Major Arterial,North York,43.721545,-79.456371,At Intersection,Traffic Signal,Clear,"Dark, artificial",Dry,Fatal,Turning Movement,Driver,25 to 29,None,,South,"Automobile, Station Wagon",Turning Left,Driving Properly,"Ability Impaired, Alcohol",,,,,,,,,Yes,Yes,,,,,,Yes,Yes,Yes,,31,Yorkdale-Glen Park,31,Yorkdale-Glen Park (31),D32,624337.395311497,4842103.02859866
1451,81579480,1001488085,8/7/2021 4:00:00 AM,253,401 EB OFF RAMP,KINGSTON RD,26 m East of,Minor Arterial,Scarborough,43.798712,-79.145931,At Intersection,Traffic Signal,Clear,Dark,Dry,Non-Fatal Injury,SMV Other,Motorcycle Driver,40 to 44,Major,,East,Motorcycle,Going Ahead,Lost control,Normal,,,,,,,,,,Yes,,,,,,,,,,133,Centennial Scarborough,133,Centennial Scarborough (133),D42,649151.371822811,4851186.23458137
1452,81580704,1001493213,8/7/2021 4:00:00 AM,2150,VEROBEACH BLVD,ST LUCIE DR,5 m East of,Local,North York,43.73746,-79.543926,Non Intersection,No Control,Clear,Dark,Dry,Non-Fatal Injury,SMV Unattended Vehicle,Motorcycle Driver,45 to 49,Major,,East,Motorcycle,Going Ahead,Exceeding Speed Limit,Unknown,,,,,,,,,,Yes,,,,,Yes,Yes,,,,22,Humbermede,22,Humbermede (22),D31,617253.835880917,4843742.98740263
1453,81580924,1001530843,8/13/2021 4:00:00 AM,200,GARDIER XWY,DVP,,Major Arterial,Toronto and East York,43.650992,-79.346561,Non Intersection,No Control,Clear,"Dark, artificial",Dry,Non-Fatal Injury,SMV Other,Motorcycle Driver,25 to 29,Major,,East,Motorcycle,Going Ahead,Lost control,Inattentive,,,,,,,,,,Yes,,,,,,,,,,70,South Riverdale,70,South Riverdale (70),D55,633338.774247816,4834437.74582196
1454,81580152,1001547694,8/15/2021 4:00:00 AM,1415,DON VALLEY PARKWAY  N,BAYVIEW BLOOR DVP N RAMP,1 km North o,Expressway,Scarborough,43.690997,-79.359271,Non Intersection,No Control,Clear,Daylight,Dry,Fatal,Rear End,Motorcycle Driver,20 to 24,Fatal,29,North,Motorcycle,Going Ahead,Speed too Fast For Condition,Unknown,,,,,,,,,,Yes,Yes,,,Yes,Yes,Yes,,,,57,Broadview North,57,Broadview North (57),D55,632225.906005008,4838860.49844759
1455,81580153,1001547694,8/15/2021 4:00:00 AM,1415,DON VALLEY PARKWAY  N,BAYVIEW BLOOR DVP N RAMP,1 km North o,Expressway,Scarborough,43.690997,-79.359271,Non Intersection,No Control,Clear,Daylight,Dry,Fatal,Rear End,Truck Driver,20 to 24,None,,North,Truck - Dump,Going Ahead,Driving Properly,Normal,,,,,,,,,,Yes,Yes,,,Yes,Yes,Yes,,,,57,Broadview North,57,Broadview North (57),D55,632225.906005008,4838860.49844759
1456,81580154,1001547694,8/15/2021 4:00:00 AM,1415,DON VALLEY PARKWAY  N,BAYVIEW BLOOR DVP N RAMP,1 km North o,Expressway,Scarborough,43.690997,-79.359271,Non Intersection,No Control,Clear,Daylight,Dry,Fatal,Rear End,Passenger,30 to 34,None,,,,,,,,,,,,,,,,Yes,Yes,,,Yes,Yes,Yes,,,,57,Broadview North,57,Broadview North (57),D55,632225.906005008,4838860.49844759
1457,81580202,1001551843,8/16/2021 4:00:00 AM,631,ISLINGTON AVE,THOROLD GT,1 m South of,Local,Etobicoke York,43.762686,-79.573543,Intersection Related,Stop Sign,Clear,Daylight,Dry,Non-Fatal Injury,Turning Movement,Driver,45 to 49,None,,East,"Automobile, Station Wagon",Turning Left,Failed to Yield Right of Way,Inattentive,,,,,,,,,Yes,Yes,,,,,,Yes,,,,21,Humber Summit,21,Humber Summit (21),D31,614820.594872329,4846503.21346272
1458,81580203,1001551843,8/16/2021 4:00:00 AM,631,ISLINGTON AVE,THOROLD GT,1 m South of,Local,Etobicoke York,43.762686,-79.573543,Intersection Related,Stop Sign,Clear,Daylight,Dry,Non-Fatal Injury,Turning Movement,Motorcycle Driver,60 to 64,Major,,North,Motorcycle,Going Ahead,Driving Properly,Normal,,,,,,,,,Yes,Yes,,,,,,Yes,,,,21,Humber Summit,21,Humber Summit (21),D31,614820.594872329,4846503.21346272
1459,81581324,1001592099,8/21/2021 4:00:00 AM,1916,NANTUCKET BLVD,WICKWARE,50 m North o,Collector,Scarborough,43.754401,-79.273189,Non Intersection,No Control,Clear,Daylight,Dry,Non-Fatal Injury,SMV Other,Motorcycle Driver,25 to 29,Major,,North,Motorcycle,Going Ahead,Speed too Fast For Condition,"Ability Impaired, Drugs",,,,,,,,,,Yes,,,,,Yes,Yes,,,,126,Dorset Park,126,Dorset Park (126),D41,639016.578053131,4846043.31339728