OBJECTID,INDEX,ACCNUM,DATE,TIME,STREET1,STREET2,OFFSET,ROAD_CLASS,DISTRICT,LATITUDE,LONGITUDE,ACCLOC,TRAFFCTL,VISIBILITY,LIGHT,RDSFCOND,ACCLASS,IMPACTYPE,INVTYPE,INVAGE,INJURY,FATAL_NO,INITDIR,VEHTYPE,MANOEUVER,DRIVACT,DRIVCOND,PEDTYPE,PEDACT,PEDCOND,CYCLISTYPE,CYCACT,CYCCOND,PEDESTRIAN,CYCLIST,AUTOMOBILE,MOTORCYCLE,TRUCK,TRSN_CITY_VEH,EMERG_VEH,PASSENGER,SPEEDING,AG_DRIV,REDLIGHT,ALCOHOL,DISABILITY,HOOD_158,NEIGHBOURHOOD_158,HOOD_140,NEIGHBOURHOOD_140,DIVISION,x,y
1460,81579853,1001597350,8/22/2021 4:00:00 AM,1533,CALEDONIA RD,LOTHERTON PTWY,,Minor Arterial,North York,43.705851,-79.465106,At Intersection,No Control,Clear,Daylight,Dry,Fatal,Turning Movement,Motorcycle Driver,35 to 39,Fatal,28,South,Motorcycle,Going Ahead,Exceeding Speed Limit,Inattentive,,,,,,,,,Yes,Yes,,,,,Yes,Yes,,,,31,Yorkdale-Glen Park,31,Yorkdale-Glen Park (31),D13,623666.071825205,4840346.92189086
1461,81579854,1001597350,8/22/2021 4:00:00 AM,1533,CALEDONIA RD,LOTHERTON PTWY,,Minor Arterial,North York,43.705851,-79.465106,At Intersection,No Control,Clear,Daylight,Dry,Fatal,Turning Movement,Driver,60 to 64,None,,North,"Automobile, Station Wagon",Turning Left,Failed to Yield Right of Way,Inattentive,,,,,,,,,Yes,Yes,,,,,Yes,Yes,,,,31,Yorkdale-Glen Park,31,Yorkdale-Glen Park (31),D13,623666.071825205,4840346.92189086
1462,81582388,1001637805,8/28/2021 4:00:00 AM,300,YORE RD,KEELE ST,,Major Arterial,Etobicoke York,43.691775,-79.474246,Intersection Related,No Control,Clear,"Dark, artificial",Dry,Non-Fatal Injury,SMV Other,Motorcycle Driver,15 to 19,Major,,West,Motorcycle,Going Ahead,Exceeding Speed Limit,Unknown,,,,,,,,,,Yes,,,,Yes,Yes,Yes,,,,112,Beechborough-Greenbrook,112,Beechborough-Greenbrook (112),D12,622958.425747423,4838769.99481502
1463,81582389,1001637805,8/28/2021 4:00:00 AM,300,YORE RD,KEELE ST,,Major Arterial,Etobicoke York,43.691775,-79.474246,Intersection Related,No Control,Clear,"Dark, artificial",Dry,Non-Fatal Injury,SMV Other,Motorcycle Passenger,unknown,Minor,,,Motorcycle,,,,,,,,,,,,,Yes,,,,Yes,Yes,Yes,,,,112,Beechborough-Greenbrook,112,Beechborough-Greenbrook (112),D12,622958.425747423,4838769.99481502
1464,81588344,1001647780,8/29/2021 4:00:00 AM,1500,JANE ST,SHEPPARD AVE,,Major Arterial,North York,43.739371,-79.513194,At Intersection,Traffic Signal,Clear,Daylight,Dry,Non-Fatal Injury,Turning Movement,Driver,55 to 59,None,,South,"Automobile, Station Wagon",Turning Left,Failed to Yield Right of Way,Inattentive,,,,,,,,,Yes,Yes,,,,Yes,,Yes,,,,25,Glenfield-Jane Heights,25,Glenfield-Jane Heights (25),D31,619724.813636253,4843999.180957
1465,81588345,1001647780,8/29/2021 4:00:00 AM,1500,JANE ST,SHEPPARD AVE,,Major Arterial,North York,43.739371,-79.513194,At Intersection,Traffic Signal,Clear,Daylight,Dry,Non-Fatal Injury,Turning Movement,Motorcycle Driver,25 to 29,Major,,North,Motorcycle,Going Ahead,Driving Properly,Normal,,,,,,,,,Yes,Yes,,,,Yes,,Yes,,,,25,Glenfield-Jane Heights,25,Glenfield-Jane Heights (25),D31,619724.813636253,4843999.180957
1466,81588346,1001647780,8/29/2021 4:00:00 AM,1500,JANE ST,SHEPPARD AVE,,Major Arterial,North York,43.739371,-79.513194,At Intersection,Traffic Signal,Clear,Daylight,Dry,Non-Fatal Injury,Turning Movement,Passenger,50 to 54,None,,South,"Automobile, Station Wagon",Turning Left,,,,,,,,,,,Yes,Yes,,,,Yes,,Yes,,,,25,Glenfield-Jane Heights,25,Glenfield-Jane Heights (25),D31,619724.813636253,4843999.180957
1467,81580727,1001657810,8/30/2021 4:00:00 AM,2205,BLOOR ST W,DORVAL RD,,Major Arterial,Toronto and East York,43.655696,-79.454929,Non Intersection,No Control,Clear,"Dusk, artificial",Dry,Fatal,Sideswipe,Motorcycle Driver,30 to 34,Fatal,33,West,Motorcycle,Going Ahead,Driving Properly,Unknown,,,,,,,,,Yes,Yes,,,,,,Yes,,,,87,High Park-Swansea,87,High Park-Swansea (87),D11,624589.806864232,4834791.76484992
1468,81580728,1001657810,8/30/2021 4:00:00 AM,2205,BLOOR ST W,DORVAL RD,,Major Arterial,Toronto and East York,43.655696,-79.454929,Non Intersection,No Control,Clear,"Dusk, artificial",Dry,Fatal,Sideswipe,Driver,55 to 59,None,,West,"Automobile, Station Wagon",Pulling Away from Shoulder or Curb,Failed to Yield Right of Way,Unknown,,,,,,,,,Yes,Yes,,,,,,Yes,,,,87,High Park-Swansea,87,High Park-Swansea (87),D11,624589.806864232,4834791.76484992
1469,81650247,1001660333,8/31/2021 4:00:00 AM,948,GRAND AVE,MANITOBA ST,162 m West o,Expressway,,43.624331,-79.494861,Non Intersection,No Control,Clear,Daylight,Dry,Non-Fatal Injury,Sideswipe,Truck Driver,unknown,None,,West,Truck-Tractor,Going Ahead,Driving Properly,Inattentive,,,,,,,,,Yes,Yes,Yes,,,,,,,,,160,Mimico-Queensway,17,Mimico (includes Humber Bay Shores) (17),D22,621432.951396652,4831249.10304576
1470,81650248,1001660333,8/31/2021 4:00:00 AM,948,GRAND AVE,MANITOBA ST,162 m West o,Expressway,,43.624331,-79.494861,Non Intersection,No Control,Clear,Daylight,Dry,Non-Fatal Injury,Sideswipe,Driver,65 to 69,None,,West,Pick Up Truck,Changing Lanes,Improper Lane Change,Inattentive,,,,,,,,,Yes,Yes,Yes,,,,,,,,,160,Mimico-Queensway,17,Mimico (includes Humber Bay Shores) (17),D22,621432.951396652,4831249.10304576
1471,81650249,1001660333,8/31/2021 4:00:00 AM,948,GRAND AVE,MANITOBA ST,162 m West o,Expressway,,43.624331,-79.494861,Non Intersection,No Control,Clear,Daylight,Dry,Non-Fatal Injury,Sideswipe,Motorcycle Driver,25 to 29,Major,,West,Motorcycle,Going Ahead,Driving Properly,Normal,,,,,,,,,Yes,Yes,Yes,,,,,,,,,160,Mimico-Queensway,17,Mimico (includes Humber Bay Shores) (17),D22,621432.951396652,4831249.10304576
1472,81581478,1001685952,9/3/2021 4:00:00 AM,1735,COLLEGE ST,UNIVERSITY AVE,,Major Arterial,Toronto and East York,43.659785,-79.390453,At Intersection,Traffic Signal,Clear,Daylight,Dry,Fatal,Turning Movement,Motorcycle Driver,20 to 24,Fatal,34,East,Motorcycle,Going Ahead,Disobeyed Traffic Control,Inattentive,,,,,,,,,,Yes,,,Yes,,,Yes,Yes,,,170,Yonge-Bay Corridor,76,Bay Street Corridor (76),D52,629780.197521452,4835344.7333195
1473,81581482,1001685952,9/3/2021 4:00:00 AM,1735,COLLEGE ST,UNIVERSITY AVE,,Major Arterial,Toronto and East York,43.659785,-79.390453,At Intersection,Traffic Signal,Clear,Daylight,Dry,Fatal,Turning Movement,Driver,30 to 34,Minimal,,West,Police Vehicle,Turning Left,Improper Turn,Inattentive,,,,,,,,,,Yes,,,Yes,,,Yes,Yes,,,170,Yonge-Bay Corridor,76,Bay Street Corridor (76),D52,629780.197521452,4835344.7333195
1474,81581790,1001791905,9/18/2021 4:00:00 AM,1355,LAWRENCE AVE  W,WESTON RD,,Major Arterial,Etobicoke York,43.700087,-79.516155,At Intersection,Traffic Signal,Clear,Daylight,Dry,Fatal,Turning Movement,Driver,60 to 64,None,,North,Delivery Van,Turning Left,Improper Turn,Normal,,,,,,,,,Yes,Yes,,,,,Yes,Yes,,,,113,Weston,113,Weston (113),D12,619564.488838463,4839631.86691579
1475,81581791,1001791905,9/18/2021 4:00:00 AM,1355,LAWRENCE AVE  W,WESTON RD,,Major Arterial,Etobicoke York,43.700087,-79.516155,At Intersection,Traffic Signal,Clear,Daylight,Dry,Fatal,Turning Movement,Motorcycle Driver,45 to 49,Fatal,37,South,Motorcycle,Going Ahead,Exceeding Speed Limit,Unknown,,,,,,,,,Yes,Yes,,,,,Yes,Yes,,,,113,Weston,113,Weston (113),D12,619564.488838463,4839631.86691579
1476,81615054,1001794472,9/18/2021 4:00:00 AM,2100,SHEPPARD AVE E,NEILSON RD,3 m West of,Major Arterial,Scarborough,43.798037,-79.217922,Intersection Related,Traffic Signal,Clear,"Dark, artificial",Dry,Non-Fatal Injury,Turning Movement,Driver,25 to 29,None,,West,"Automobile, Station Wagon",Turning Left,Failed to Yield Right of Way,Inattentive,,,,,,,,,Yes,Yes,,,,,,Yes,,,,146,Malvern East,132,Malvern (132),D42,643361.568481574,4850984.03020243
1477,81615055,1001794472,9/18/2021 4:00:00 AM,2100,SHEPPARD AVE E,NEILSON RD,3 m West of,Major Arterial,Scarborough,43.798037,-79.217922,Intersection Related,Traffic Signal,Clear,"Dark, artificial",Dry,Non-Fatal Injury,Turning Movement,Motorcycle Driver,35 to 39,Major,,South,Motorcycle,Going Ahead,Driving Properly,Normal,,,,,,,,,Yes,Yes,,,,,,Yes,,,,146,Malvern East,132,Malvern (132),D42,643361.568481574,4850984.03020243
1478,81615056,1001794472,9/18/2021 4:00:00 AM,2100,SHEPPARD AVE E,NEILSON RD,3 m West of,Major Arterial,Scarborough,43.798037,-79.217922,Intersection Related,Traffic Signal,Clear,"Dark, artificial",Dry,Non-Fatal Injury,Turning Movement,Other,25 to 29,None,,,,,,,,,,,,,,,Yes,Yes,,,,,,Yes,,,,146,Malvern East,132,Malvern (132),D42,643361.568481574,4850984.03020243
1479,81582947,1001881235,9/30/2021 4:00:00 AM,2144,AVENUE RD,EGLINTON AVE W,,Major Arterial,North York,43.704535,-79.408565,At Intersection,Traffic Controller,Clear,"Daylight, artificial",Dry,Non-Fatal Injury,Turning Movement,Driver,20 to 24,None,,South,"Automobile, Station Wagon",Turning Left,Improper Turn,Normal,,,,,,,,,Yes,Yes,,,,Yes,,,,,,100,Yonge-Eglinton,100,Yonge-Eglinton (100),D53,628224.416215698,4840286.65905039
1480,81582948,1001881235,9/30/2021 4:00:00 AM,2144,AVENUE RD,EGLINTON AVE W,,Major Arterial,North York,43.704535,-79.408565,At Intersection,Traffic Controller,Clear,"Daylight, artificial",Dry,Non-Fatal Injury,Turning Movement,Motorcycle Driver,55 to 59,Major,,North,Motorcycle,Going Ahead,Driving Properly,Normal,,,,,,,,,Yes,Yes,,,,Yes,,,,,,100,Yonge-Eglinton,100,Yonge-Eglinton (100),D53,628224.416215698,4840286.65905039
1481,81582949,1001881235,9/30/2021 4:00:00 AM,2144,AVENUE RD,EGLINTON AVE W,,Major Arterial,North York,43.704535,-79.408565,At Intersection,Traffic Controller,Clear,"Daylight, artificial",Dry,Non-Fatal Injury,Turning Movement,Passenger,20 to 24,None,,South,"Automobile, Station Wagon",Turning Left,,,,,,,,,,,Yes,Yes,,,,Yes,,,,,,100,Yonge-Eglinton,100,Yonge-Eglinton (100),D53,628224.416215698,4840286.65905039
1482,81583639,1001924845,10/7/2021 4:00:00 AM,637,DISCO RD,120,5 m West of,Collector,Etobicoke York,43.699618,-79.601978,At/Near Private Drive,No Control,Clear,Daylight,Dry,Non-Fatal Injury,Turning Movement,Driver,35 to 39,None,,West,Delivery Van,Turning Left,Failed to Yield Right of Way,Inattentive,,,,,,,,,Yes,Yes,,,,,,Yes,,,,1,West Humber-Clairville,1,West Humber-Clairville (1),D23,612649.9171386,4839459.59650689
1483,81583640,1001924845,10/7/2021 4:00:00 AM,637,DISCO RD,120,5 m West of,Collector,Etobicoke York,43.699618,-79.601978,At/Near Private Drive,No Control,Clear,Daylight,Dry,Non-Fatal Injury,Turning Movement,Motorcycle Driver,25 to 29,Major,,East,Motorcycle,Going Ahead,Driving Properly,Normal,,,,,,,,,Yes,Yes,,,,,,Yes,,,,1,West Humber-Clairville,1,West Humber-Clairville (1),D23,612649.9171386,4839459.59650689
1484,81584058,1001953329,10/11/2021 4:00:00 AM,1358,VALLEY WOODS RD,YORK MILLS RD,200 m South ,Collector,Toronto and East York,43.757868,-79.333652,Non Intersection,No Control,Clear,Daylight,Dry,Non-Fatal Injury,SMV Other,Motorcycle Driver,35 to 39,Major,,South,Motorcycle,Going Ahead,Exceeding Speed Limit,Normal,,,,,,,,,,Yes,,,,,Yes,Yes,,,,150,Fenside-Parkwoods,45,Parkwoods-Donalda (45),D33,634141.216627738,4846328.66819305
1485,81708395,1001955597,10/11/2021 4:00:00 AM,2102,Bayview Avenue,Rosedale Valley Road,350 m South ,,,43.662887,-79.356792,Non Intersection,No Control,Clear,Dark,Dry,Non-Fatal Injury,Approaching,Motorcycle Driver,55 to 59,Major,,South,Motorcycle,Going Ahead,Other,Normal,,,,,,,,,Yes,Yes,,,,,,Yes,,,,72,Regent Park,72,Regent Park (72),D51,632487.540556044,4835742.45501298
1486,81708396,1001955597,10/11/2021 4:00:00 AM,2102,Bayview Avenue,Rosedale Valley Road,350 m South ,,,43.662887,-79.356792,Non Intersection,No Control,Clear,Dark,Dry,Non-Fatal Injury,Approaching,Driver,25 to 29,None,,North,"Automobile, Station Wagon",Going Ahead,Other,Normal,,,,,,,,,Yes,Yes,,,,,,Yes,,,,72,Regent Park,72,Regent Park (72),D51,632487.540556044,4835742.45501298
1487,81584465,1001968469,10/13/2021 4:00:00 AM,1520,KINGSTON RD,#4351,,Major Arterial,Scarborough,43.764983,-79.192058,At/Near Private Drive,No Control,Clear,Daylight,Dry,Non-Fatal Injury,Turning Movement,Driver,65 to 69,None,,West,"Automobile, Station Wagon",Turning Left,Failed to Yield Right of Way,Inattentive,,,,,,,,,Yes,Yes,,,,,,Yes,,,,136,West Hill,136,West Hill (136),D43,645522.435887949,4847357.98710505
1488,81584466,1001968469,10/13/2021 4:00:00 AM,1520,KINGSTON RD,#4351,,Major Arterial,Scarborough,43.764983,-79.192058,At/Near Private Drive,No Control,Clear,Daylight,Dry,Non-Fatal Injury,Turning Movement,Motorcycle Driver,45 to 49,Major,,East,Motorcycle,Going Ahead,Driving Properly,Normal,,,,,,,,,Yes,Yes,,,,,,Yes,,,,136,West Hill,136,West Hill (136),D43,645522.435887949,4847357.98710505
1489,81647572,2000444865,3/9/2022 5:00:00 AM,1251,WILSON AVENUE,CLAYSON ROAD,,Major Arterial,North York,43.717593,-79.522998,At Intersection,Traffic Signal,Clear,Daylight,Dry,Non-Fatal Injury,Turning Movement,Driver,70 to 74,Minimal,,East,"Automobile, Station Wagon",Turning Left,Failed to Yield Right of Way,Inattentive,,,,,,,,,Yes,Yes,,,,,Yes,Yes,Yes,,,154,Oakdale-Beverley Heights,26,Downsview-Roding-CFB (26),D31,618978.451956195,4841566.3048766
1490,81647573,2000444865,3/9/2022 5:00:00 AM,1251,WILSON AVENUE,CLAYSON ROAD,,Major Arterial,North York,43.717593,-79.522998,At Intersection,Traffic Signal,Clear,Daylight,Dry,Non-Fatal Injury,Turning Movement,Motorcycle Driver,20 to 24,Major,,West,Motorcycle,Going Ahead,Disobeyed Traffic Control,Unknown,,,,,,,,,Yes,Yes,,,,,Yes,Yes,Yes,,,154,Oakdale-Beverley Heights,26,Downsview-Roding-CFB (26),D31,618978.451956195,4841566.3048766
1491,81656910,2000662470,4/9/2022 4:00:00 AM,2338,KNIGHTON DR,WYNDCLIFF CR,,Local,North York,43.737357,-79.31544,At Intersection,Stop Sign,Clear,"Dark, artificial",Dry,Non-Fatal Injury,SMV Other,Motorcycle Driver,15 to 19,Major,,South,Motorcycle,Turning Left,Lost control,Normal,,,,,,,,,,Yes,,,,,,,,,,43,Victoria Village,43,Victoria Village (43),D33,635653.627477869,4844080.27231002
1492,81651259,2000725125,4/19/2022 4:00:00 AM,837,1491 LAKE SHORE BLVD W,,10 m North o,Major Arterial,,43.636389,-79.444042,Non Intersection,No Control,Clear,Daylight,Dry,Non-Fatal Injury,Rear End,Motorcycle Driver,35 to 39,Major,,East,Motorcycle,Going Ahead,Improper Passing,Normal,,,,,,,,,Yes,Yes,,,,,,Yes,,,,85,South Parkdale,85,South Parkdale (85),D14,625507.911031809,4832663.87824725
1493,81651260,2000725125,4/19/2022 4:00:00 AM,837,1491 LAKE SHORE BLVD W,,10 m North o,Major Arterial,,43.636389,-79.444042,Non Intersection,No Control,Clear,Daylight,Dry,Non-Fatal Injury,Rear End,Driver,20 to 24,None,,East,Pick Up Truck,Going Ahead,Driving Properly,Normal,,,,,,,,,Yes,Yes,,,,,,Yes,,,,85,South Parkdale,85,South Parkdale (85),D14,625507.911031809,4832663.87824725
1494,81751353,2000773802,4/26/2022 4:00:00 AM,1003,WESTON RD,HUMBER BLVD,,Major Arterial,Etobicoke York,43.683356,-79.480282,Intersection Related,No Control,Clear,Daylight,Dry,Non-Fatal Injury,Sideswipe,Motorcycle Driver,30 to 34,Major,,South,Motorcycle,Going Ahead,Failed to Yield Right of Way,Inattentive,,,,,,,,,Yes,Yes,,,,,Yes,Yes,,,,111,Rockcliffe-Smythe,111,Rockcliffe-Smythe (111),D12,622489.123389878,4837826.01847219
1495,81751354,2000773802,4/26/2022 4:00:00 AM,1003,WESTON RD,HUMBER BLVD,,Major Arterial,Etobicoke York,43.683356,-79.480282,Intersection Related,No Control,Clear,Daylight,Dry,Non-Fatal Injury,Sideswipe,Driver,60 to 64,None,,South,"Automobile, Station Wagon",Changing Lanes,Driving Properly,Normal,,,,,,,,,Yes,Yes,,,,,Yes,Yes,,,,111,Rockcliffe-Smythe,111,Rockcliffe-Smythe (111),D12,622489.123389878,4837826.01847219
1496,81751355,2000773802,4/26/2022 4:00:00 AM,1003,WESTON RD,HUMBER BLVD,,Major Arterial,Etobicoke York,43.683356,-79.480282,Intersection Related,No Control,Clear,Daylight,Dry,Non-Fatal Injury,Sideswipe,Driver,60 to 64,None,,West,Passenger Van,Going Ahead,Driving Properly,Normal,,,,,,,,,Yes,Yes,,,,,Yes,Yes,,,,111,Rockcliffe-Smythe,111,Rockcliffe-Smythe (111),D12,622489.123389878,4837826.01847219
1497,81649335,2000852942,5/7/2022 4:00:00 AM,1630,PARKVIEW AVE,LONGMORE ST,70 m West of,Local,,43.773455,-79.401767,Non Intersection,No Control,Clear,Daylight,Dry,Non-Fatal Injury,SMV Other,Motorcycle Driver,50 to 54,Major,,East,Motorcycle,Going Ahead,Lost control,Normal,,,,,,,,,,Yes,,,,,Yes,Yes,,,,152,East Willowdale,51,Willowdale East (51),D32,628624.486527897,4847951.77210469
1498,81647585,2000874402,5/10/2022 4:00:00 AM,1632,CONSILIUM PL,PROGRESS AVE,,Minor Arterial,Scarborough,43.776595,-79.250499,At Intersection,Traffic Signal,Clear,Daylight,Dry,Non-Fatal Injury,Turning Movement,Driver,50 to 54,None,,East,"Automobile, Station Wagon",Turning Left,Improper Turn,Inattentive,,,,,,,,,Yes,Yes,,,,,,,,,,142,Woburn North,137,Woburn (137),D43,640791.174195694,4848546.63650432
1499,81647586,2000874402,5/10/2022 4:00:00 AM,1632,CONSILIUM PL,PROGRESS AVE,,Minor Arterial,Scarborough,43.776595,-79.250499,At Intersection,Traffic Signal,Clear,Daylight,Dry,Non-Fatal Injury,Turning Movement,Motorcycle Driver,55 to 59,Major,,West,Motorcycle,Going Ahead,Driving Properly,Normal,,,,,,,,,Yes,Yes,,,,,,,,,,142,Woburn North,137,Woburn (137),D43,640791.174195694,4848546.63650432
1500,81640459,2000899254,5/13/2022 4:00:00 AM,2210,SALINAS CRT,ROSELAWN AVE,,Local,Toronto and East York,43.70048,-79.449024,Intersection Related,No Control,Clear,"Dark, artificial",Dry,Fatal,SMV Other,Moped Driver,35 to 39,Fatal,18,East,Motorcycle,Going Ahead,Lost control,Had Been Drinking,,,,,,,,Yes,,Yes,,,,,,,,,,108,Briar Hill-Belgravia,108,Briar Hill-Belgravia (108),D13,624972.966115974,4839774.51323341
1501,81647164,2000905786,5/14/2022 4:00:00 AM,2045,151 CHERRY ST,,12 m South o,Collector,Toronto and East York,43.639537,-79.347293,Non Intersection,No Control,Clear,"Dark, artificial",Loose Sand or Gravel,Non-Fatal Injury,SMV Other,Motorcycle Driver,60 to 64,Minor,,North,Motorcycle,Going Ahead,Lost control,Normal,,,,,,,,,,Yes,,,,Yes,Yes,Yes,,,,70,South Riverdale,70,South Riverdale (70),D51,633305.078123456,4833164.34187311
1502,81647165,2000905786,5/14/2022 4:00:00 AM,2045,151 CHERRY ST,,12 m South o,Collector,Toronto and East York,43.639537,-79.347293,Non Intersection,No Control,Clear,"Dark, artificial",Loose Sand or Gravel,Non-Fatal Injury,SMV Other,Motorcycle Passenger,75 to 79,Major,,,,,,,,,,,,,,,,Yes,,,,Yes,Yes,Yes,,,,70,South Riverdale,70,South Riverdale (70),D51,633305.078123456,4833164.34187311
1503,81646953,2001007343,5/28/2022 4:00:00 AM,2015,DON VALLEY PARKWAY  S,LAWRENCE AVE E,50 m North o,Expressway,North York,43.739955,-79.332233,Non Intersection,No Control,Clear,Daylight,Dry,Non-Fatal Injury,Rear End,Motorcycle Driver,40 to 44,Major,,South,Motorcycle,Going Ahead,Following too Close,Inattentive,,,,,,,,,Yes,Yes,,,,,,Yes,,,,42,Banbury-Don Mills,42,Banbury-Don Mills (42),D33,634295.50398141,4844341.45999719
1504,81646954,2001007343,5/28/2022 4:00:00 AM,2015,DON VALLEY PARKWAY  S,LAWRENCE AVE E,50 m North o,Expressway,North York,43.739955,-79.332233,Non Intersection,No Control,Clear,Daylight,Dry,Non-Fatal Injury,Rear End,Driver,15 to 19,None,,South,"Automobile, Station Wagon",Slowing or Stopping,Driving Properly,Normal,,,,,,,,,Yes,Yes,,,,,,Yes,,,,42,Banbury-Don Mills,42,Banbury-Don Mills (42),D33,634295.50398141,4844341.45999719
1505,81665345,2001049162,6/3/2022 4:00:00 AM,1443,GERRARD ST E,NORMANDY BLVD,,Minor Arterial,,43.679259,-79.313381,At Intersection,No Control,Clear,Daylight,Dry,Non-Fatal Injury,Turning Movement,Driver,60 to 64,None,,West,"Automobile, Station Wagon",Turning Left,Improper Turn,Unknown,,,,,,,,,Yes,Yes,,,,,,,,,,64,Woodbine Corridor,64,Woodbine Corridor (64),D55,635950.723910334,4837631.03002388
1506,81665346,2001049162,6/3/2022 4:00:00 AM,1443,GERRARD ST E,NORMANDY BLVD,,Minor Arterial,,43.679259,-79.313381,At Intersection,No Control,Clear,Daylight,Dry,Non-Fatal Injury,Turning Movement,Motorcycle Driver,45 to 49,Major,,East,Motorcycle,Going Ahead,Driving Properly,Unknown,,,,,,,,,Yes,Yes,,,,,,,,,,64,Woodbine Corridor,64,Woodbine Corridor (64),D55,635950.723910334,4837631.03002388
1507,81640574,2001122186,6/13/2022 4:00:00 AM,1815,SHEPPARD AVE W,SENTINEL RD,,Major Arterial,North York,43.743579,-79.491809,At Intersection,Traffic Signal,Clear,Daylight,Dry,Fatal,Turning Movement,Driver,40 to 44,Minor,,East,"Automobile, Station Wagon",Turning Left,Failed to Yield Right of Way,Normal,,,,,,,,,Yes,Yes,,,,,Yes,Yes,,,,155,Downsview,26,Downsview-Roding-CFB (26),D31,621438.343172175,4844497.66474678
1508,81645401,2001122186,6/13/2022 4:00:00 AM,1815,SHEPPARD AVE W,SENTINEL RD,,Major Arterial,North York,43.743579,-79.491809,At Intersection,Traffic Signal,Clear,Daylight,Dry,Fatal,Turning Movement,Motorcycle Driver,35 to 39,Fatal,21,West,Motorcycle,Going Ahead,Speed too Fast For Condition,Other,,,,,,,,,Yes,Yes,,,,,Yes,Yes,,,,155,Downsview,26,Downsview-Roding-CFB (26),D31,621438.343172175,4844497.66474678
1509,81649374,2001153999,6/17/2022 4:00:00 AM,2350,360 ROYAL YORK RD,,31 m North o,Minor Arterial,,43.617835,-79.499057,At/Near Private Drive,No Control,Clear,Dark,Dry,Non-Fatal Injury,Turning Movement,Driver,50 to 54,None,,South,"Automobile, Station Wagon",Turning Left,Failed to Yield Right of Way,Inattentive,,,,,,,,,Yes,Yes,,,,,,Yes,,,,160,Mimico-Queensway,17,Mimico (includes Humber Bay Shores) (17),D22,621107.461343358,4830521.51401643
1510,81649375,2001153999,6/17/2022 4:00:00 AM,2350,360 ROYAL YORK RD,,31 m North o,Minor Arterial,,43.617835,-79.499057,At/Near Private Drive,No Control,Clear,Dark,Dry,Non-Fatal Injury,Turning Movement,Motorcycle Driver,45 to 49,Major,,North,Motorcycle,Going Ahead,Driving Properly,Normal,,,,,,,,,Yes,Yes,,,,,,Yes,,,,160,Mimico-Queensway,17,Mimico (includes Humber Bay Shores) (17),D22,621107.461343358,4830521.51401643
1511,81657206,2001178288,6/21/2022 4:00:00 AM,1530,ADELAIDE ST E,POWER ST,,Major Arterial,North York,43.654006,-79.362697,At Intersection,Stop Sign,Clear,Daylight,Dry,Non-Fatal Injury,Angle,Motorcycle Driver,25 to 29,Major,,East,Motorcycle,Going Ahead,Exceeding Speed Limit,Normal,,,,,,,,,Yes,Yes,,,,,Yes,Yes,,,,73,Moss Park,73,Moss Park (73),D51,632030.894727955,4834746.68883092
1512,81657207,2001178288,6/21/2022 4:00:00 AM,1530,ADELAIDE ST E,POWER ST,,Major Arterial,North York,43.654006,-79.362697,At Intersection,Stop Sign,Clear,Daylight,Dry,Non-Fatal Injury,Angle,Driver,25 to 29,None,,North,"Automobile, Station Wagon",Going Ahead,Driving Properly,Normal,,,,,,,,,Yes,Yes,,,,,Yes,Yes,,,,73,Moss Park,73,Moss Park (73),D51,632030.894727955,4834746.68883092
1513,81645437,2001202991,6/24/2022 4:00:00 AM,2210,1760 Albion Rd,,,Major Arterial,Etobicoke York,43.743365,-79.603,Non Intersection,No Control,Clear,"Dark, artificial",Dry,Fatal,Turning Movement,Motorcycle Driver,60 to 64,Fatal,24,West,"Automobile, Station Wagon",Going Ahead,Driving Properly,Normal,,,,,,,,,Yes,Yes,,,,,,,,,,1,West Humber-Clairville,1,West Humber-Clairville (1),D23,612485.671195674,4844316.91970725
1514,81645439,2001202991,6/24/2022 4:00:00 AM,2210,1760 Albion Rd,,,Major Arterial,Etobicoke York,43.743365,-79.603,Non Intersection,No Control,Clear,"Dark, artificial",Dry,Fatal,Turning Movement,Driver,20 to 24,None,,East,"Automobile, Station Wagon",Turning Left,Improper Turn,Inattentive,,,,,,,,,Yes,Yes,,,,,,,,,,1,West Humber-Clairville,1,West Humber-Clairville (1),D23,612485.671195674,4844316.91970725
1515,81657342,2001244804,6/30/2022 4:00:00 AM,1942,575 CENTENNIAL PARK BLVD,,10 m North o,Collector,,43.653765,-79.595409,At/Near Private Drive,No Control,Clear,Daylight,Dry,Non-Fatal Injury,SMV Other,Motorcycle Driver,50 to 54,Major,,North,Motorcycle,Going Ahead,Lost control,Normal,,,,,,,,,,Yes,,,,,Yes,Yes,,,,11,Eringate-Centennial-West Deane,11,Eringate-Centennial-West Deane (11),D22,613265.470491802,4834375.96745899