OBJECTID,INDEX,ACCNUM,DATE,TIME,STREET1,STREET2,OFFSET,ROAD_CLASS,DISTRICT,LATITUDE,LONGITUDE,ACCLOC,TRAFFCTL,VISIBILITY,LIGHT,RDSFCOND,ACCLASS,IMPACTYPE,INVTYPE,INVAGE,INJURY,FATAL_NO,INITDIR,VEHTYPE,MANOEUVER,DRIVACT,DRIVCOND,PEDTYPE,PEDACT,PEDCOND,CYCLISTYPE,CYCACT,CYCCOND,PEDESTRIAN,CYCLIST,AUTOMOBILE,MOTORCYCLE,TRUCK,TRSN_CITY_VEH,EMERG_VEH,PASSENGER,SPEEDING,AG_DRIV,REDLIGHT,ALCOHOL,DISABILITY,HOOD_158,NEIGHBOURHOOD_158,HOOD_140,NEIGHBOURHOOD_140,DIVISION,x,y
1628,81746697,3001506035,6/29/2023 4:00:00 AM,1650,SPADINA AV,BALDWIN ST,100 m North ,Major Arterial,Toronto and East York,43.655223,-79.398967,Non Intersection,No Control,Clear,Daylight,Dry,Non-Fatal Injury,Pedestrian Collisions,Pedestrian,70 to 74,Major,,,,,,,Pedestrian hit at mid-block,"Crossing, no Traffic Control",Normal,,,,Yes,,,Yes,,,,,,,,,,78,Kensington-Chinatown,78,Kensington-Chinatown (78),D14,629103.470308417,4834824.78073752
1629,81806972,3001553842,7/5/2023 4:00:00 AM,235,EGLINTON AV W,OAKWOOD AV,83 m West of,,,43.697086,-79.443744,Non Intersection,Traffic Signal,Clear,"Dark, artificial",Dry,Non-Fatal Injury,Turning Movement,Driver,35 to 39,None,,West,"Automobile, Station Wagon",Turning Left,Driving Properly,Normal,,,,,,,,,Yes,Yes,,,,Yes,,,,,,107,Oakwood Village,107,Oakwood Village (107),D13,625405.491749535,4839405.53491275
1630,81806973,3001553842,7/5/2023 4:00:00 AM,235,EGLINTON AV W,OAKWOOD AV,83 m West of,,,43.697086,-79.443744,Non Intersection,Traffic Signal,Clear,"Dark, artificial",Dry,Non-Fatal Injury,Turning Movement,Motorcycle Driver,35 to 39,None,,West,Motorcycle,Going Ahead,,Unknown,,,,,,,,,Yes,Yes,,,,Yes,,,,,,107,Oakwood Village,107,Oakwood Village (107),D13,625405.491749535,4839405.53491275
1631,81806974,3001553842,7/5/2023 4:00:00 AM,235,EGLINTON AV W,OAKWOOD AV,83 m West of,,,43.697086,-79.443744,Non Intersection,Traffic Signal,Clear,"Dark, artificial",Dry,Non-Fatal Injury,Turning Movement,Motorcycle Passenger,20 to 24,Major,,,,,,,,,,,,,,,Yes,Yes,,,,Yes,,,,,,107,Oakwood Village,107,Oakwood Village (107),D13,625405.491749535,4839405.53491275
1632,81807341,3001561550,7/5/2023 4:00:00 AM,1916,DON VALLEY PY N,DON MILLS RD,5 m South of,,,43.700118,-79.337681,Non Intersection,No Control,Clear,Daylight,Dry,Non-Fatal Injury,SMV Other,Motorcycle Driver,25 to 29,Major,,North,Motorcycle,Slowing or Stopping,Driving Properly,Normal,,,,,,,,,,Yes,,,,,,,,,,58,Old East York,58,Old East York (58),D55,633945.547742518,4839908.16749571
1633,81807339,3001562840,7/5/2023 4:00:00 AM,2207,WOBURN AV,YONGE ST,,,,43.728324,-79.403034,Intersection Related,Stop Sign,Clear,"Dark, artificial",Dry,Non-Fatal Injury,Turning Movement,Driver,90 to 94,None,,East,"Automobile, Station Wagon",Turning Left,Improper Turn,Normal,,,,,,,,,Yes,Yes,,,,,,Yes,,,,105,Lawrence Park North,105,Lawrence Park North (105),D32,628619.155737835,4842937.33607513
1634,81807340,3001562840,7/5/2023 4:00:00 AM,2207,WOBURN AV,YONGE ST,,,,43.728324,-79.403034,Intersection Related,Stop Sign,Clear,"Dark, artificial",Dry,Non-Fatal Injury,Turning Movement,Motorcycle Driver,30 to 34,Major,,South,Motorcycle,Going Ahead,Driving Properly,Normal,,,,,,,,,Yes,Yes,,,,,,Yes,,,,105,Lawrence Park North,105,Lawrence Park North (105),D32,628619.155737835,4842937.33607513
1635,81747723,3001620861,7/12/2023 4:00:00 AM,1507,LAKE SHORE BLVD W,ISLINGTON AVE,100 m North ,Major Arterial,Etobicoke York,43.600844,-79.505313,Non Intersection,Traffic Signal,Clear,Daylight,Dry,Non-Fatal Injury,Turning Movement,Driver,60 to 64,None,,West,"Automobile, Station Wagon",Making U Turn,Improper Turn,Normal,,,,,,,,,Yes,Yes,,,,,,,,,,18,New Toronto,18,New Toronto (18),D22,620636.637474119,4828625.3533963
1636,81747724,3001620861,7/12/2023 4:00:00 AM,1507,LAKE SHORE BLVD W,ISLINGTON AVE,100 m North ,Major Arterial,Etobicoke York,43.600844,-79.505313,Non Intersection,Traffic Signal,Clear,Daylight,Dry,Non-Fatal Injury,Turning Movement,Motorcycle Driver,55 to 59,Major,,South,Motorcycle,Going Ahead,Driving Properly,Normal,,,,,,,,,Yes,Yes,,,,,,,,,,18,New Toronto,18,New Toronto (18),D22,620636.637474119,4828625.3533963
1637,81754638,3001644736,7/15/2023 4:00:00 AM,1135,DANFORTH RD,TRUDELLE ST,,Major Arterial,Scarborough,43.739924,-79.245502,Intersection Related,Traffic Signal,Clear,Daylight,Wet,Non-Fatal Injury,Turning Movement,Driver,60 to 64,None,,South,Pick Up Truck,Turning Left,Improper Turn,Normal,,,,,,,,,Yes,Yes,,,,Yes,,Yes,,,,138,Eglinton East,138,Eglinton East (138),D43,641279.597341663,4844482.26728587
1638,81754639,3001644736,7/15/2023 4:00:00 AM,1135,DANFORTH RD,TRUDELLE ST,,Major Arterial,Scarborough,43.739924,-79.245502,Intersection Related,Traffic Signal,Clear,Daylight,Wet,Non-Fatal Injury,Turning Movement,Motorcycle Driver,20 to 24,Minor,,North,Motorcycle,Going Ahead,Driving Properly,Normal,,,,,,,,,Yes,Yes,,,,Yes,,Yes,,,,138,Eglinton East,138,Eglinton East (138),D43,641279.597341663,4844482.26728587
1639,81754640,3001644736,7/15/2023 4:00:00 AM,1135,DANFORTH RD,TRUDELLE ST,,Major Arterial,Scarborough,43.739924,-79.245502,Intersection Related,Traffic Signal,Clear,Daylight,Wet,Non-Fatal Injury,Turning Movement,Motorcycle Passenger,20 to 24,Major,,,,,,,,,,,,,,,Yes,Yes,,,,Yes,,Yes,,,,138,Eglinton East,138,Eglinton East (138),D43,641279.597341663,4844482.26728587
1640,81747090,3001648805,7/15/2023 4:00:00 AM,2129,CALEDONIA RD,LOTHERTON PTWY,5 m East of,Minor Arterial,North York,43.707427,-79.465572,At/Near Private Drive,No Control,Rain,Dark,Wet,Non-Fatal Injury,Turning Movement,Driver,30 to 34,Minimal,,East,"Automobile, Station Wagon",Turning Left,Failed to Yield Right of Way,Normal,,,,,,,,,Yes,Yes,,,,,,Yes,,,,31,Yorkdale-Glen Park,31,Yorkdale-Glen Park (31),D13,623625.286213118,4840521.26359026
1641,81747091,3001648805,7/15/2023 4:00:00 AM,2129,CALEDONIA RD,LOTHERTON PTWY,5 m East of,Minor Arterial,North York,43.707427,-79.465572,At/Near Private Drive,No Control,Rain,Dark,Wet,Non-Fatal Injury,Turning Movement,Motorcycle Driver,15 to 19,Major,,South,Motorcycle,Going Ahead,Driving Properly,Normal,,,,,,,,,Yes,Yes,,,,,,Yes,,,,31,Yorkdale-Glen Park,31,Yorkdale-Glen Park (31),D13,623625.286213118,4840521.26359026
1642,81747193,3001682522,7/19/2023 4:00:00 AM,2037,VICTORIA PARK AVE,CLINTWOOD GT,,Major Arterial,North York,43.748763,-79.312076,Intersection Related,Stop Sign,Clear,Daylight,Dry,Fatal,SMV Other,Motorcycle Driver,35 to 39,Fatal,22,South,Motorcycle,Going Ahead,Exceeding Speed Limit,,,,,,,,,,,Yes,,,,,Yes,Yes,,,,119,Wexford/Maryvale,119,Wexford/Maryvale (119),D41,635898.713980053,4845352.59271609
1643,81748198,3001831500,8/6/2023 4:00:00 AM,1534,STEELES AVE W,EMERALD LANE,,Major Arterial,North York,43.793448,-79.440997,Intersection Related,Traffic Signal,Clear,Daylight,Dry,Non-Fatal Injury,Turning Movement,Driver,45 to 49,None,,West,"Automobile, Station Wagon",Turning Left,Improper Turn,Normal,,,,,,,,,Yes,Yes,,,,Yes,,,,,,36,Newtonbrook West,36,Newtonbrook West (36),D32,625425.443523097,4850112.10755374
1644,81748199,3001831500,8/6/2023 4:00:00 AM,1534,STEELES AVE W,EMERALD LANE,,Major Arterial,North York,43.793448,-79.440997,Intersection Related,Traffic Signal,Clear,Daylight,Dry,Non-Fatal Injury,Turning Movement,Motorcycle Driver,25 to 29,Major,,East,Motorcycle,Going Ahead,,Unknown,,,,,,,,,Yes,Yes,,,,Yes,,,,,,36,Newtonbrook West,36,Newtonbrook West (36),D32,625425.443523097,4850112.10755374
1645,81748200,3001831500,8/6/2023 4:00:00 AM,1534,STEELES AVE W,EMERALD LANE,,Major Arterial,North York,43.793448,-79.440997,Intersection Related,Traffic Signal,Clear,Daylight,Dry,Non-Fatal Injury,Turning Movement,Passenger,50 to 54,None,,,,,,,,,,,,,,,Yes,Yes,,,,Yes,,,,,,36,Newtonbrook West,36,Newtonbrook West (36),D32,625425.443523097,4850112.10755374
1646,81748201,3001831500,8/6/2023 4:00:00 AM,1534,STEELES AVE W,EMERALD LANE,,Major Arterial,North York,43.793448,-79.440997,Intersection Related,Traffic Signal,Clear,Daylight,Dry,Non-Fatal Injury,Turning Movement,Passenger,5 to 9,None,,,,,,,,,,,,,,,Yes,Yes,,,,Yes,,,,,,36,Newtonbrook West,36,Newtonbrook West (36),D32,625425.443523097,4850112.10755374
1647,81748202,3001831500,8/6/2023 4:00:00 AM,1534,STEELES AVE W,EMERALD LANE,,Major Arterial,North York,43.793448,-79.440997,Intersection Related,Traffic Signal,Clear,Daylight,Dry,Non-Fatal Injury,Turning Movement,Passenger,15 to 19,None,,,,,,,,,,,,,,,Yes,Yes,,,,Yes,,,,,,36,Newtonbrook West,36,Newtonbrook West (36),D32,625425.443523097,4850112.10755374
1648,81748670,3001889840,8/13/2023 4:00:00 AM,2256,BEECHBOROUGH AV,KEELE ST,,Collector,Toronto and East York,43.694358,-79.474788,Intersection Related,Traffic Signal,Clear,Dark,Dry,Non-Fatal Injury,Turning Movement,Driver,55 to 59,None,,South,"Automobile, Station Wagon",Turning Left,Improper Turn,Normal,,,,,,,,,Yes,Yes,,,,,,,,,,112,Beechborough-Greenbrook,112,Beechborough-Greenbrook (112),D12,622909.46971131,4839056.06868826
1649,81748671,3001889840,8/13/2023 4:00:00 AM,2256,BEECHBOROUGH AV,KEELE ST,,Collector,Toronto and East York,43.694358,-79.474788,Intersection Related,Traffic Signal,Clear,Dark,Dry,Non-Fatal Injury,Turning Movement,Motorcycle Driver,30 to 34,Major,,North,Motorcycle,Going Ahead,Driving Properly,Normal,,,,,,,,,Yes,Yes,,,,,,,,,,112,Beechborough-Greenbrook,112,Beechborough-Greenbrook (112),D12,622909.46971131,4839056.06868826
1650,81749490,3001930218,8/18/2023 4:00:00 AM,1943,MERTON ST,MOUNT PLEASANT RD,,Major Arterial,Toronto and East York,43.69818,-79.386447,Intersection Related,Traffic Signal,Clear,"Dark, artificial",Dry,Non-Fatal Injury,Turning Movement,Driver,25 to 29,None,,North,"Automobile, Station Wagon",Turning Left,Improper Turn,Normal,,,,,,,,,Yes,Yes,,,,,,,,,,99,Mount Pleasant East,99,Mount Pleasant East (99),D53,630020.252500526,4839615.29483012
1651,81749491,3001930218,8/18/2023 4:00:00 AM,1943,MERTON ST,MOUNT PLEASANT RD,,Major Arterial,Toronto and East York,43.69818,-79.386447,Intersection Related,Traffic Signal,Clear,"Dark, artificial",Dry,Non-Fatal Injury,Turning Movement,Motorcycle Driver,25 to 29,Major,,South,Motorcycle,Going Ahead,Driving Properly,Unknown,,,,,,,,,Yes,Yes,,,,,,,,,,99,Mount Pleasant East,99,Mount Pleasant East (99),D53,630020.252500526,4839615.29483012
1652,81749458,3001989785,8/25/2023 4:00:00 AM,1947,DUNDAS ST E,RIVER ST,34 m East of,Major Arterial,Toronto and East York,43.661303,-79.357723,Non Intersection,No Control,Clear,Daylight,Dry,Non-Fatal Injury,Cyclist Collisions,Motorcycle Driver,unknown,None,,East,Motorcycle,Overtaking,Improper Passing,Unknown,,,,,,,,Yes,,Yes,,,,,,Yes,,,,72,Regent Park,72,Regent Park (72),D51,632415.958001221,4835565.04428356
1653,81749459,3001989785,8/25/2023 4:00:00 AM,1947,DUNDAS ST E,RIVER ST,34 m East of,Major Arterial,Toronto and East York,43.661303,-79.357723,Non Intersection,No Control,Clear,Daylight,Dry,Non-Fatal Injury,Cyclist Collisions,Cyclist,50 to 54,Major,,East,Bicycle,Going Ahead,,,,,,"Motorist without ROW drives into path of cyclist at inter, lnwy, dwy-Driver not turn.",Driving Properly,Normal,,Yes,,Yes,,,,,,Yes,,,,72,Regent Park,72,Regent Park (72),D51,632415.958001221,4835565.04428356
1654,81749807,3001998353,8/27/2023 4:00:00 AM,1055,KEELE ST,INGRAM DR,,Major Arterial,North York,43.699435,-79.47594,Intersection Related,Traffic Signal,Clear,Daylight,Dry,Non-Fatal Injury,Turning Movement,Driver,90 to 94,None,,South,"Automobile, Station Wagon",Turning Left,Driving Properly,Normal,,,,,,,,,Yes,Yes,,,,,,,,,,30,Brookhaven-Amesbury,30,Brookhaven-Amesbury (30),D12,622806.270471133,4839618.23223777
1655,81749808,3001998353,8/27/2023 4:00:00 AM,1055,KEELE ST,INGRAM DR,,Major Arterial,North York,43.699435,-79.47594,Intersection Related,Traffic Signal,Clear,Daylight,Dry,Non-Fatal Injury,Turning Movement,Motorcycle Driver,20 to 24,Major,,North,Motorcycle,Going Ahead,Driving Properly,Normal,,,,,,,,,Yes,Yes,,,,,,,,,,30,Brookhaven-Amesbury,30,Brookhaven-Amesbury (30),D12,622806.270471133,4839618.23223777
1656,81749790,3002003989,8/28/2023 4:00:00 AM,524,VICTORIA PARK AV,LAWRENCE AV E,16 m North o,Major Arterial,North York,43.742152,-79.309757,Intersection Related,Traffic Signal,Clear,"Dusk, artificial",Dry,Non-Fatal Injury,Turning Movement,Driver,60 to 64,Minor,,North,"Automobile, Station Wagon",Turning Left,Failed to Yield Right of Way,Other,,,,,,,,,Yes,Yes,,,,,,Yes,,,,119,Wexford/Maryvale,119,Wexford/Maryvale (119),D41,636100.405846867,4844622.14923365
1657,81749791,3002003989,8/28/2023 4:00:00 AM,524,VICTORIA PARK AV,LAWRENCE AV E,16 m North o,Major Arterial,North York,43.742152,-79.309757,Intersection Related,Traffic Signal,Clear,"Dusk, artificial",Dry,Non-Fatal Injury,Turning Movement,Motorcycle Driver,55 to 59,Major,,South,Motorcycle,Going Ahead,Driving Properly,Normal,,,,,,,,,Yes,Yes,,,,,,Yes,,,,119,Wexford/Maryvale,119,Wexford/Maryvale (119),D41,636100.405846867,4844622.14923365
1658,81749929,3002050673,9/2/2023 4:00:00 AM,1515,ISLINGTON AV,THE WESTWAY,,Local,Etobicoke York,43.652407,-79.52972,Intersection Related,Traffic Signal,Clear,Daylight,Dry,Non-Fatal Injury,Turning Movement,Driver,45 to 49,None,,South,"Automobile, Station Wagon",Turning Left,Improper Turn,Normal,,,,,,,,,Yes,Yes,,,,,Yes,Yes,,,,10,Princess-Rosethorn,10,Princess-Rosethorn (10),D22,618565.309852937,4834316.90084852
1659,81749930,3002050673,9/2/2023 4:00:00 AM,1515,ISLINGTON AV,THE WESTWAY,,Local,Etobicoke York,43.652407,-79.52972,Intersection Related,Traffic Signal,Clear,Daylight,Dry,Non-Fatal Injury,Turning Movement,Motorcycle Driver,45 to 49,Major,,North,Motorcycle,Going Ahead,Driving Properly,Normal,,,,,,,,,Yes,Yes,,,,,Yes,Yes,,,,10,Princess-Rosethorn,10,Princess-Rosethorn (10),D22,618565.309852937,4834316.90084852
1660,81750389,3002082759,9/6/2023 4:00:00 AM,1328,BRIMLEY RD,SHADDOCK CRES,35 m North o,Major Arterial,Scarborough,43.738547,-79.249133,Non Intersection,Stop Sign,Clear,Daylight,Dry,Non-Fatal Injury,Turning Movement,Driver,65 to 69,None,,East,"Automobile, Station Wagon",Turning Left,Failed to Yield Right of Way,Normal,,,,,,,,,Yes,Yes,,,,,,Yes,,,,138,Eglinton East,138,Eglinton East (138),D41,640990.442504073,4844323.14491938
1661,81750390,3002082759,9/6/2023 4:00:00 AM,1328,BRIMLEY RD,SHADDOCK CRES,35 m North o,Major Arterial,Scarborough,43.738547,-79.249133,Non Intersection,Stop Sign,Clear,Daylight,Dry,Non-Fatal Injury,Turning Movement,Motorcycle Driver,15 to 19,Major,,North,Motorcycle,Going Ahead,Driving Properly,Normal,,,,,,,,,Yes,Yes,,,,,,Yes,,,,138,Eglinton East,138,Eglinton East (138),D41,640990.442504073,4844323.14491938
1662,81749662,3002113122,9/9/2023 4:00:00 AM,2326,BLOOR ST W,KIPLING AV,100 m East o,Major Arterial,Etobicoke York,43.642092,-79.534152,Intersection Related,,Clear,Dark,Dry,Non-Fatal Injury,,Motorcycle Driver,25 to 29,Major,,West,Motorcycle,Going Ahead,Exceeding Speed Limit,Normal,,,,,,,,,Yes,Yes,,,,,Yes,Yes,,,,159,Etobicoke City Centre,14,Islington-City Centre West (14),D22,618228.138753128,4833164.96665957
1663,81749663,3002113122,9/9/2023 4:00:00 AM,2326,BLOOR ST W,KIPLING AV,100 m East o,Major Arterial,Etobicoke York,43.642092,-79.534152,Intersection Related,,Clear,Dark,Dry,Non-Fatal Injury,,Driver,45 to 49,None,,West,"Automobile, Station Wagon",Stopped,Driving Properly,Normal,,,,,,,,,Yes,Yes,,,,,Yes,Yes,,,,159,Etobicoke City Centre,14,Islington-City Centre West (14),D22,618228.138753128,4833164.96665957
1664,81750318,3002195156,9/19/2023 4:00:00 AM,2302,KINGSTON RD,BRIMLEY RD S,,Major Arterial,Scarborough,43.718154,-79.240329,At Intersection,Traffic Signal,Clear,"Dark, artificial",Dry,Fatal,Turning Movement,Driver,40 to 44,,,West,"Automobile, Station Wagon",Going Ahead,Improper Turn,Other,,,,,,,,,Yes,Yes,,,,,,,,,,123,Cliffcrest,123,Cliffcrest (123),D43,641747.501256299,4842073.21935966
1665,81750319,3002195156,9/19/2023 4:00:00 AM,2302,KINGSTON RD,BRIMLEY RD S,,Major Arterial,Scarborough,43.718154,-79.240329,At Intersection,Traffic Signal,Clear,"Dark, artificial",Dry,Fatal,Turning Movement,Motorcycle Driver,30 to 34,Fatal,26,East,Motorcycle,Turning Left,Driving Properly,Normal,,,,,,,,,Yes,Yes,,,,,,,,,,123,Cliffcrest,123,Cliffcrest (123),D43,641747.501256299,4842073.21935966
1666,81807179,3002219111,9/22/2023 4:00:00 AM,2155,QUEEN'S PARK CR E,QUEENS PARK,4 m North of,,,43.666045,-79.392307,Non Intersection,Traffic Signal,Clear,"Dark, artificial",Dry,Non-Fatal Injury,,Motorcycle Driver,45 to 49,Major,,North,Motorcycle,Going Ahead,Driving Properly,Normal,,,,,,,,,,Yes,,,,,,,,,,169,Bay-Cloverhill,76,Bay Street Corridor (76),D52,629617.232625338,4836037.09131915
1667,81750534,3002275859,9/29/2023 4:00:00 AM,2305,ISLINGTON AVE,FINCH AVE W,97 m North o,Major Arterial,Etobicoke York,43.746333,-79.568607,Non Intersection,,Clear,"Dark, artificial",Dry,Non-Fatal Injury,Approaching,Driver,45 to 49,None,,North,Pick Up Truck,Going Ahead,Other,Other,,,,,,,,,Yes,Yes,,,,,,Yes,,,,21,Humber Summit,21,Humber Summit (21),D31,615249.299676307,4844693.82999093
1668,81750535,3002275859,9/29/2023 4:00:00 AM,2305,ISLINGTON AVE,FINCH AVE W,97 m North o,Major Arterial,Etobicoke York,43.746333,-79.568607,Non Intersection,,Clear,"Dark, artificial",Dry,Non-Fatal Injury,Approaching,Motorcycle Driver,25 to 29,Major,,South,Motorcycle,Going Ahead,Driving Properly,Normal,,,,,,,,,Yes,Yes,,,,,,Yes,,,,21,Humber Summit,21,Humber Summit (21),D31,615249.299676307,4844693.82999093
1669,81751023,3002279550,9/30/2023 4:00:00 AM,1305,EVANS AVE,NORTH CARSON ST,,Major Arterial,Etobicoke York,43.61299,-79.53876,Intersection Related,Stop Sign,Clear,Daylight,Dry,Non-Fatal Injury,Turning Movement,Motorcycle Driver,30 to 34,Major,,East,Motorcycle,Going Ahead,Exceeding Speed Limit,Normal,,,,,,,,,Yes,Yes,,,,Yes,Yes,Yes,,,,20,Alderwood,20,Alderwood (20),D22,617913.363733425,4829926.27812033
1670,81751024,3002279550,9/30/2023 4:00:00 AM,1305,EVANS AVE,NORTH CARSON ST,,Major Arterial,Etobicoke York,43.61299,-79.53876,Intersection Related,Stop Sign,Clear,Daylight,Dry,Non-Fatal Injury,Turning Movement,Driver,55 to 59,None,,North,"Automobile, Station Wagon",Turning Left,Driving Properly,Normal,,,,,,,,,Yes,Yes,,,,Yes,Yes,Yes,,,,20,Alderwood,20,Alderwood (20),D22,617913.363733425,4829926.27812033
1671,81751025,3002279550,9/30/2023 4:00:00 AM,1305,EVANS AVE,NORTH CARSON ST,,Major Arterial,Etobicoke York,43.61299,-79.53876,Intersection Related,Stop Sign,Clear,Daylight,Dry,Non-Fatal Injury,Turning Movement,Passenger,55 to 59,None,,,,,,,,,,,,,,,Yes,Yes,,,,Yes,Yes,Yes,,,,20,Alderwood,20,Alderwood (20),D22,617913.363733425,4829926.27812033
1672,81750878,3002288728,10/1/2023 4:00:00 AM,1642,YONGE ST,BISHOP AV,115 m North ,Major Arterial,North York,43.783969,-79.416599,Non Intersection,No Control,Clear,Daylight,Dry,Non-Fatal Injury,Rear End,Motorcycle Driver,35 to 39,Major,,North,Motorcycle,Going Ahead,Following too Close,Normal,,,,,,,,,Yes,Yes,,,,,,Yes,,,,36,Newtonbrook West,36,Newtonbrook West (36),D32,627408.475226575,4849096.57891435
1673,81750879,3002288728,10/1/2023 4:00:00 AM,1642,YONGE ST,BISHOP AV,115 m North ,Major Arterial,North York,43.783969,-79.416599,Non Intersection,No Control,Clear,Daylight,Dry,Non-Fatal Injury,Rear End,Driver,50 to 54,None,,North,"Automobile, Station Wagon",Going Ahead,Driving Properly,Normal,,,,,,,,,Yes,Yes,,,,,,Yes,,,,36,Newtonbrook West,36,Newtonbrook West (36),D32,627408.475226575,4849096.57891435
1674,81752640,3002339324,10/7/2023 4:00:00 AM,1930,F  GARDINER XY E,YORK ST,46 m East of,Expressway Ramp,Toronto and East York,43.641818,-79.38042,Non Intersection,No Control,Clear,"Daylight, artificial",Dry,Non-Fatal Injury,Sideswipe,Motorcycle Driver,25 to 29,Major,,East,Motorcycle,Other,Other,Normal,,,,,,,,,Yes,Yes,,,,,,,,,,166,St Lawrence-East Bayfront-The Islands,77,Waterfront Communities-The Island (77),D52,630628.127177383,4833365.00458848
1675,81752641,3002339324,10/7/2023 4:00:00 AM,1930,F  GARDINER XY E,YORK ST,46 m East of,Expressway Ramp,Toronto and East York,43.641818,-79.38042,Non Intersection,No Control,Clear,"Daylight, artificial",Dry,Non-Fatal Injury,Sideswipe,Driver,25 to 29,None,,East,"Automobile, Station Wagon",Going Ahead,Driving Properly,Normal,,,,,,,,,Yes,Yes,,,,,,,,,,166,St Lawrence-East Bayfront-The Islands,77,Waterfront Communities-The Island (77),D52,630628.127177383,4833365.00458848
1676,81804924,3002369350,10/11/2023 4:00:00 AM,2204,DAVENPORT RD,DARTNELL AV,5 m East of,,,43.676807,-79.412205,Non Intersection,,Clear,"Dark, artificial",Dry,Non-Fatal Injury,Turning Movement,Motorcycle Driver,25 to 29,Major,,West,Motorcycle,Going Ahead,Speed too Fast For Condition,Normal,,,,,,,,,Yes,Yes,,,,,Yes,Yes,,,,96,Casa Loma,96,Casa Loma (96),D13,627990.099201346,4837201.45956727
1677,81804925,3002369350,10/11/2023 4:00:00 AM,2204,DAVENPORT RD,DARTNELL AV,5 m East of,,,43.676807,-79.412205,Non Intersection,,Clear,"Dark, artificial",Dry,Non-Fatal Injury,Turning Movement,Driver,35 to 39,None,,South,"Automobile, Station Wagon",Turning Left,Driving Properly,Normal,,,,,,,,,Yes,Yes,,,,,Yes,Yes,,,,96,Casa Loma,96,Casa Loma (96),D13,627990.099201346,4837201.45956727
1678,81753509,3002607163,11/10/2023 5:00:00 AM,1557,55 ST CLAIR AVE W,YONGE ST,11 m North o,Major Arterial,Toronto and East York,43.688086,-79.394107,Intersection Related,No Control,Clear,Daylight,Dry,Non-Fatal Injury,,Driver,30 to 34,None,,East,"Automobile, Station Wagon",Going Ahead,Improper Passing,Normal,,,,,,,,,Yes,Yes,,,,,,Yes,,,,98,Rosedale-Moore Park,98,Rosedale-Moore Park (98),D53,629424.714477187,4838482.2325456
1679,81753510,3002607163,11/10/2023 5:00:00 AM,1557,55 ST CLAIR AVE W,YONGE ST,11 m North o,Major Arterial,Toronto and East York,43.688086,-79.394107,Intersection Related,No Control,Clear,Daylight,Dry,Non-Fatal Injury,,Motorcycle Driver,25 to 29,Major,,East,Motorcycle,Overtaking,Driving Properly,Normal,,,,,,,,,Yes,Yes,,,,,,Yes,,,,98,Rosedale-Moore Park,98,Rosedale-Moore Park (98),D53,629424.714477187,4838482.2325456
1680,81754562,3002616293,11/11/2023 5:00:00 AM,2020,sandhurst crcl,finch ave e,61 m North o,Major Arterial,Scarborough,43.807185,-79.270396,Non Intersection,No Control,Clear,"Dark, artificial",Dry,Non-Fatal Injury,SMV Other,Motorcycle Driver,25 to 29,Major,,West,Motorcycle,Turning Left,Driving Properly,Normal,,,,,,,,,,Yes,,,,,,,,,,129,Agincourt North,129,Agincourt North (129),D42,639118.945627094,4851910.4989089
1681,81753085,3002628249,11/13/2023 5:00:00 AM,1330,FINCH AVE E,WARDEN AVE,,Major Arterial,Scarborough,43.796702,-79.315723,,Traffic Signal,Clear,Daylight,Dry,Fatal,Turning Movement,Driver,50 to 54,Fatal,39,North,"Automobile, Station Wagon",Making U Turn,Failed to Yield Right of Way,Inattentive,,,,,,,,,Yes,Yes,,,,,,Yes,,,,148,East L'Amoreaux,117,L'Amoreaux (117),D42,635496.773305724,4850670.98360186
1682,81753088,3002628249,11/13/2023 5:00:00 AM,1330,FINCH AVE E,WARDEN AVE,,Major Arterial,Scarborough,43.796702,-79.315723,,Traffic Signal,Clear,Daylight,Dry,Fatal,Turning Movement,Motorcycle Driver,30 to 34,,,North,Motorcycle,Going Ahead,Driving Properly,Normal,,,,,,,,,Yes,Yes,,,,,,Yes,,,,148,East L'Amoreaux,117,L'Amoreaux (117),D42,635496.773305724,4850670.98360186
1683,81755064,3002629156,11/13/2023 5:00:00 AM,1542,WOODBINE AVE,MORTIMER AVE,,Major Arterial,Toronto and East York,43.692813,-79.315822,Intersection Related,Traffic Signal,Clear,Daylight,Dry,Non-Fatal Injury,Turning Movement,Driver,45 to 49,None,,North,"Automobile, Station Wagon",Turning Left,Improper Turn,Normal,,,,,,,,,Yes,Yes,,,,,,Yes,,,,60,Woodbine-Lumsden,60,Woodbine-Lumsden (60),D55,635723.391638652,4839132.39216331
1684,81755065,3002629156,11/13/2023 5:00:00 AM,1542,WOODBINE AVE,MORTIMER AVE,,Major Arterial,Toronto and East York,43.692813,-79.315822,Intersection Related,Traffic Signal,Clear,Daylight,Dry,Non-Fatal Injury,Turning Movement,Motorcycle Driver,50 to 54,Major,,South,Motorcycle,Going Ahead,Driving Properly,Normal,,,,,,,,,Yes,Yes,,,,,,Yes,,,,60,Woodbine-Lumsden,60,Woodbine-Lumsden (60),D55,635723.391638652,4839132.39216331